id,domain,status,purchase_price,renewal_price,attractiveness,demand,length,registrar,created_at,expires_at,status_verified_at
149ccf2f-c010-4402-9c13-dbeb6014327c,allegations.cv,available,9.99,9.99,medium,low,11,namesilo,,,29/09/2026 11:36
e29d0c2e-368f-42d8-a400-c988871d4c37,statehood.cv,available,14.98,,high,low,9,namecheap,,,
0919c42a-5bb4-421d-9c4e-ad87f7399e6d,roll.cv,premium,1042.76,69.86,high,low,4,spaceship,,,27/09/2026 15:56
81ee2f19-9be9-40bc-96ae-4706dbae9627,purposeful.cv,available,9.99,9.99,high,medium,10,namesilo,,,09/09/2026 06:25
52cd0d2a-e5c8-4d2f-b2cc-3a3b5cce5427,stems.cv,premium,265.6,80.33,medium,low,5,namesilo,,,30/09/2026 05:53
f5a47079-5290-4691-87ce-ca344d7e6a6e,paternal.cv,available,9.99,9.99,high,low,8,namesilo,,,
ff00e065-6223-4456-9338-0617aff4855b,orally.cv,premium,87.75,9.75,medium,low,6,namecheap,,,15/09/2026 18:11
8792d301-59cc-46a4-ba09-69dd5f0bac9b,penciled.cv,available,9.99,9.99,medium,low,8,namesilo,,,08/09/2026 13:55
ec91ca07-232b-4975-87bd-7c427ce3d4a2,shingles.cv,available,14.98,14.98,high,low,8,namecheap,,,02/10/2026 05:14
568056af-fe10-488c-8ec4-48f8b94849dc,fountain.cv,premium,525.26,7.76,high,low,8,spaceship,,,27/09/2026 13:35
0f625a18-6738-416f-afa4-a94a14ecf813,dramas.cv,premium,80.33,8.85,medium,low,6,namesilo,,,02/10/2026 13:47
25627177-914f-46c6-bd78-292e01afde9b,chelonian.cv,available,4.99,9.99,low,low,9,namesilo,,,12/08/2026 04:08
7740b90f-6896-44f5-b1b8-66fa4683beac,mongolia.cv,premium,137.6,80.33,high,high,8,namesilo,,,01/10/2026 03:01
97ebf71e-047b-4ca6-b789-c935a484f05e,priests.cv,available,9.99,9.99,medium,low,7,namesilo,,,18/09/2026 03:38
10805cb0-34a2-4a4f-b8bf-9cd15e6c0227,profitably.cv,available,14.98,14.98,high,low,10,namecheap,,,14/09/2026 20:29
710ad939-4862-4635-8c66-61f287a58547,paris.cv,premium,265.6,80.33,high,low,5,namesilo,,,24/09/2026 12:17
9e597d25-cdc8-4567-9e17-45d02da3171d,anastrophe.cv,available,9.99,9.99,medium,low,10,namesilo,,,19/09/2026 03:23
846ba442-53e7-47cc-9eac-00fe075a9ae6,lacking.cv,available,7.98,7.98,medium,low,7,spaceship,,,28/09/2026 10:18
7644fad6-bdfb-4fd8-bfff-dc8c08f58452,blare.cv,premium,260.8,80.33,medium,low,5,namesilo,,,10/08/2026 13:12
ff8fec41-5dca-41dc-bc06-9b5af943d01b,carmine.cv,premium,132.8,8.85,high,low,7,namesilo,,,10/08/2026 15:02
dc33c27a-6387-4ff8-9dcb-6f7627cbb11f,fathered.cv,available,9.75,9.75,medium,low,8,dynadot,,,02/10/2026 21:59
504d27d9-472e-4ac4-ac0e-4f6be025b34b,deemed.cv,premium,80.33,8.85,high,low,6,namesilo,,,29/09/2026 23:04
d079b00b-9d7d-44f8-868d-ed9d98557ed8,azolla.cv,premium,80.33,8.85,medium,low,6,namesilo,,,21/09/2026 11:19
73e06add-ed58-4e06-829e-7c8c5e44750b,gateway.cv,premium,525.26,69.86,high,medium,7,spaceship,,,28/09/2026 14:15
0c403de6-ba50-4333-89df-d78afb9af7c8,monochrome.cv,available,4.99,9.99,high,low,10,namesilo,,,25/08/2026 04:59
30584c69-ee45-40af-8e68-101a09cf337a,heartland.cv,available,9.99,9.99,high,low,9,namesilo,,,02/10/2026 05:11
35ecb648-1985-49ed-8722-040ec9583d4f,tall.cv,premium,1339.98,80.33,high,low,4,namesilo,,,24/09/2026 22:52
03b32de9-2eda-4916-8371-4c5b60190e3d,manhood.cv,available,7.98,7.98,high,low,7,spaceship,,,29/09/2026 19:12
1b2d9aac-fc12-4f22-9d9e-2c4c3fee7061,mawr.cv,premium,1042.76,69.86,medium,low,4,spaceship,,,28/09/2026 21:42
2395a181-5df7-40ce-ad19-737ab39a959c,wanna.cv,premium,265.6,80.33,high,low,5,namesilo,,,26/09/2026 00:48
3571dd83-2b34-4b4c-a67e-8a97d979aebb,kurt.cv,premium,1309.75,87.75,high,low,4,namecheap,,,25/09/2026 13:27
35eb7ba0-7b55-46c3-950b-5344caad7f35,woes.cv,premium,1309.75,87.75,low,low,4,namecheap,,,20/09/2026 07:52
1b05e23f-7dd3-4214-9340-d7da8cdfa257,mansard.cv,available,4.99,9.99,medium,low,7,namesilo,,,24/08/2026 15:30
e41cb741-079b-4d73-b7cc-05aff8f4acce,talleyrand.cv,available,9.99,9.99,high,low,10,namesilo,,,02/10/2026 23:57
a102672b-df11-47d0-bbf1-e613cb18176d,harvested.cv,available,7.98,7.98,medium,low,9,spaceship,,,01/10/2026 14:36
81050323-9607-43d9-a788-6b13bad21a75,bouffant.cv,available,14.98,14.98,high,low,8,namecheap,,,10/08/2026 21:32
04c2a935-7fa0-48c5-83d2-61cf79b71957,diehard.cv,available,9.99,9.99,medium,low,7,namesilo,,,11/09/2026 18:42
d233ddcd-e1e1-4aae-9e55-f85e65ff0fcd,wristband.cv,available,9.99,9.99,high,low,9,namesilo,,,24/09/2026 07:49
61d8174d-36d3-403b-9e2f-969b251e3e71,citrus.cv,premium,111.26,7.76,high,low,6,spaceship,,,30/09/2026 01:03
d4423048-3c0a-4ad1-969e-2469577ac16d,gird.cv,premium,1339.98,80.33,medium,low,4,namesilo,,,20/09/2026 06:19
95a80672-d330-4ca0-8891-2b53d5235710,appreciation.cv,available,9.99,9.99,high,low,12,namesilo,,,
69bd904c-625b-4b20-b8cd-a02938bbf8a6,evergreen.cv,available,4.99,9.99,high,low,9,namesilo,,,17/08/2026 14:53
a97529ad-3378-4358-834e-239c2cf293fc,oath.cv,premium,1339.98,80.33,high,low,4,namesilo,,,27/09/2026 12:47
b8b4e0b5-2c27-49f6-89fd-7098f55d1dc2,mazy.cv,premium,1309.75,87.75,medium,low,4,namecheap,,,22/08/2026 17:42
262ba626-e767-4879-bf01-b074ff21a925,enzymatic.cv,available,4.99,9.99,medium,low,9,namesilo,,,17/08/2026 10:08
38b8c0d9-fce3-4029-8854-5ce8648d42c0,allegiant.cv,available,4.99,9.99,high,low,9,namesilo,,,
a399a983-216e-42c8-810b-b99ce929d96f,auger.cv,premium,265.6,80.33,medium,low,5,namesilo,,,21/09/2026 03:19
3b1d89ee-2dcc-4b79-aa19-a5f2e72a5be7,require.cv,available,9.99,9.99,high,low,7,namesilo,,,30/09/2026 05:27
5250a13f-55b4-4706-830c-abbc3eb0dfc7,blankness.cv,available,14.98,14.98,medium,low,9,namecheap,,,24/09/2026 04:02
b4ff3673-5075-40d3-b3b5-6b55a5e588fd,unschooled.cv,available,14.98,14.98,medium,low,10,namecheap,,,12/09/2026 18:54
804aea68-e481-40c6-bd4a-b179a7de4cc5,curtains.cv,available,9.99,9.99,medium,low,8,namesilo,,,28/09/2026 23:24
9ba4dc50-7472-4e75-908d-f5bb999727f4,locomotive.cv,available,4.99,9.99,high,low,10,namesilo,,,24/08/2026 08:48
a45e74fc-ce7f-40db-bf6b-3e15c80a4218,depressed.cv,available,4.99,9.99,medium,low,9,namesilo,,,14/08/2026 02:43
541fca98-d7d9-4efd-b99c-14422c2b6b1a,extended.cv,premium,1309.75,9.75,high,low,8,namecheap,,,14/08/2026 18:31
884b634f-9af7-4530-aa94-b38e5de9d8ef,honoured.cv,available,9.75,9.75,medium,low,8,dynadot,,,29/09/2026 03:18
b3ae7c11-f74c-466f-9463-27ce267e49b3,dinesen.cv,available,9.99,9.99,medium,low,7,namesilo,,,22/09/2026 07:24
a03bdd86-4793-44ca-9307-9f1300f70ab3,cilicia.cv,premium,118.25,9.75,medium,low,7,dynadot,,,30/09/2026 13:19
3badc8dd-4e06-44d1-94ca-31a7a695da97,preferent.cv,available,14.98,14.98,medium,low,9,namecheap,,,09/08/2026 17:55
feee7175-42b6-45ab-8564-595797c6d71a,biscuits.cv,available,7.98,7.98,medium,low,8,spaceship,,,29/09/2026 17:26
cc5254f4-a7e1-4eda-8615-0f2f3a6c5674,wounded.cv,available,9.99,9.99,high,low,7,namesilo,,,25/09/2026 06:51
6b9daed2-a746-4d8d-9e68-a3eabfe76b1c,okey.cv,premium,1309.75,87.75,medium,low,4,namecheap,,,03/09/2026 23:19
828b74d7-454e-4242-97e2-e3dae8309217,accommodation.cv,available,7.98,7.98,high,low,13,spaceship,,,29/09/2026 10:10
725a0896-9e98-4d02-a00d-7361246dd508,sdr.cv,premium,2609.75,87.75,high,low,3,namecheap,,,02/10/2026 19:34
33d98661-ac30-4031-9df3-e844513d401f,hindsight.cv,available,7.98,7.98,high,low,9,spaceship,,,29/09/2026 22:47
23b769b4-256d-4ae6-8c81-2f03111c3d33,bag.cv,premium,2609.75,87.75,high,low,3,namecheap,,,04/09/2026 13:24
efa45023-f806-42fd-a615-de7550c02410,iss.cv,premium,2770.35,80.33,high,low,3,namesilo,,,27/09/2026 23:32
7127aa83-88a0-4627-9659-079ef3796a8f,stumbling.cv,available,9.99,9.99,medium,low,9,namesilo,,,30/09/2026 19:50
255cb0e9-bd8a-44e4-9c6b-b6bc46ee4c7a,switching.cv,available,14.98,14.98,high,low,9,namecheap,,,28/09/2026 06:49
fff71fa5-061f-4f6d-a15e-f304335ff428,presenting.cv,available,9.99,9.99,medium,low,10,namesilo,,,28/09/2026 17:29
e9009f56-14c2-44f9-88ec-cd320848b584,swamps.cv,premium,80.33,8.85,medium,low,6,namesilo,,,30/09/2026 15:45
0f352352-95e4-4f42-af74-852546509c21,agamemnon.cv,available,9.99,9.99,medium,low,9,namesilo,,,17/09/2026 16:06
27968180-96dd-4ca3-acca-f65d08aa48aa,anticipated.cv,available,9.99,9.99,high,low,11,namesilo,,,08/09/2026 14:34
af260d78-246a-4493-b498-4a5b54b6eb5a,xxxviii.cv,available,,,medium,low,7,,,,
ed65cef9-acf4-4b7f-9f0c-772768c19b44,bala.cv,premium,1042.76,69.86,medium,low,4,spaceship,,,28/09/2026 22:20
2ffc3fde-357d-47b7-a060-9707c8cfb415,compartment.cv,available,7.98,7.98,high,low,11,spaceship,,,28/09/2026 03:28
3e271c48-936a-45da-8bf2-c8cb38baf163,munchausen.cv,available,9.99,9.99,medium,low,10,namesilo,,,22/09/2026 07:14
c899910a-724c-4b74-87b2-905167304f08,inclined.cv,available,7.98,7.98,medium,low,8,spaceship,,,28/09/2026 21:12
2cd03bbe-a764-4e24-a7e2-f13b0941f63a,fulgent.cv,available,4.99,9.99,medium,low,7,namesilo,,,10/08/2026 13:45
c41d7f4d-ac16-41fd-afcf-0c6372b6bf45,devastated.cv,available,9.99,9.99,medium,low,10,namesilo,,,28/09/2026 11:36
8181f0ed-0117-45af-9559-bd1eebd1adb2,perfective.cv,available,9.99,9.99,medium,low,10,namesilo,,,08/09/2026 16:27
4ca4be35-de4b-4a0a-b6a3-4cee959ccc16,maxwell.cv,premium,448.25,9.75,high,low,7,dynadot,,,28/09/2026 06:04
9a6c5b88-40b7-498b-8067-9d5f060e0165,albanian.cv,available,9.99,9.99,high,low,8,namesilo,,,
2209bdb9-3161-4469-b76d-af8abd35713c,ambitions.cv,available,9.99,9.99,medium,low,9,namesilo,,,20/09/2026 04:21
d3c9b1db-f99c-4279-8e68-759acfd98684,gulf.cv,premium,1339.98,80.33,high,low,4,namesilo,,,29/09/2026 15:29
7013ab32-dc11-4251-95f4-1bd8bc910e71,maris.cv,premium,214.76,69.86,high,low,5,spaceship,,,30/09/2026 05:12
9b0ceba7-1388-4480-ba93-94bb8bf40004,enabled.cv,available,14.98,14.98,high,low,7,namecheap,,,30/09/2026 19:35
1f4c0a78-3830-4185-8b66-d7d7fd9068e6,coverage.cv,premium,558.25,74.25,high,low,8,dynadot,,,29/09/2026 11:52
6df80b9a-1cf2-4309-bf02-a03e759fd7b3,vacantly.cv,available,14.98,14.98,low,low,8,namecheap,,,16/09/2026 10:32
e2dc6664-588c-44b0-9fd5-0c0a10b6347e,torque.cv,premium,69.86,7.76,high,low,6,spaceship,,,01/10/2026 21:57
e13ec3c5-5a6f-444d-a125-6a941f4a146c,develops.cv,available,7.98,7.98,medium,low,8,spaceship,,,30/09/2026 00:25
d694e6d4-3ee9-473f-9024-2cd2cefe8794,implant.cv,premium,7.76,15.53,high,low,7,spaceship,,,29/09/2026 13:06
8d81c30a-9387-45e3-b712-6a62c906f9df,richelieu.cv,available,9.99,9.99,medium,low,9,namesilo,,,20/09/2026 06:31
24eb0a99-f009-4128-9a21-6c6bf33f2ae7,baseline.cv,premium,1309.75,9.75,high,low,8,namecheap,,,22/09/2026 10:15
12d9be05-2d00-4f42-938e-292102b2c193,lazio.cv,premium,228.25,74.25,high,low,5,dynadot,,,30/09/2026 17:51
fe01b071-686e-4d82-9bad-e1e93e70d9c9,catarina.cv,premium,137.6,8.85,medium,low,8,namesilo,,,30/09/2026 14:56
c520bc70-7f6d-4356-8b8c-f89ba97e623c,nocent.cv,premium,87.75,9.75,medium,low,6,namecheap,,,03/09/2026 18:02
530accfe-14fa-4fdd-80dd-5863e33123f9,fairfax.cv,available,9.99,9.99,high,low,7,namesilo,,,25/09/2026 15:13
576e4355-12df-4439-84f1-cea535e08340,agnostical.cv,available,14.98,14.98,medium,low,10,namecheap,,,
bf7b356e-5a00-4224-8224-478040e5b864,anubis.cv,premium,87.75,9.75,medium,low,6,namecheap,,,19/09/2026 11:58
d43eaa40-a677-418f-bdf3-a9388d7ec963,sophie.cv,premium,137.6,8.85,high,low,6,namesilo,,,25/09/2026 11:44
4543c7bb-0e8a-4f34-89e5-f9143c5974d7,gathering.cv,available,9.99,9.99,high,low,9,namesilo,,,20/09/2026 16:00
a25d9526-3ebd-4ab8-b9b2-c2f1f1afcfd7,graceless.cv,available,4.99,9.99,medium,low,9,namesilo,,,18/08/2026 20:43
30d70af9-9452-4fbd-a964-48687f76c27b,roundly.cv,available,9.99,9.99,medium,low,7,namesilo,,,14/09/2026 00:45
ea0fba1f-0ee9-4733-b83b-5dd01357dbc0,resinated.cv,available,9.99,9.99,medium,low,9,namesilo,,,09/09/2026 15:09
012624d5-da33-4a1e-8561-b1fa43c949dc,pitchers.cv,available,9.99,9.99,medium,low,8,namesilo,,,02/10/2026 13:59
9828747f-9df3-4398-9f6e-53e6ab20f18e,conflicting.cv,available,9.99,9.99,medium,low,11,namesilo,,,30/09/2026 03:55
e2775356-f8eb-4eea-b579-78dd765325f8,parched.cv,available,9.99,9.99,medium,low,7,namesilo,,,
4af994d9-91fb-4f8a-b899-0a700f7b30ba,pauline.cv,premium,137.6,8.85,high,low,7,namesilo,,,08/09/2026 10:51
fd62b672-7d54-4e96-9dbb-3658f57481a8,impairment.cv,available,,,medium,low,10,,,,13/08/2026 19:25
0f28da86-5a70-4438-ab36-1b4c2f70f5f5,sulphuric.cv,available,9.99,9.99,medium,low,9,namesilo,,,11/09/2026 01:27
ab6d7cec-53bc-451d-9ea6-47439a7e3721,breckinridge.cv,available,7.98,7.98,medium,low,12,spaceship,,,29/09/2026 15:54
a6e6e5a8-e513-4ba6-9e5a-03780a622685,proceed.cv,available,9.75,9.75,high,low,7,dynadot,,,30/09/2026 17:54
4bb8d68d-f7d4-452d-9753-c10a0ebc2917,stargazer.cv,available,14.98,14.98,high,low,9,namecheap,,,20/09/2026 18:07
dc2d286b-6a9f-45c9-8880-5e12fe206d33,aroid.cv,premium,260.8,80.33,medium,low,5,namesilo,,,06/08/2026 11:30
63092c42-81f3-4249-b67f-9cf5aa975623,nun.cv,premium,2770.35,80.33,high,low,3,namesilo,,,29/09/2026 11:00
d5c3a093-0023-4981-af6f-6389e2b5e282,environmentally.cv,available,9.99,9.99,medium,low,15,namesilo,,,
16666ff5-fc48-403a-90b1-aaa2c8688af1,exhaust.cv,premium,139.75,9.75,high,low,7,namecheap,,,29/09/2026 18:34
1f90036f-b73c-47f9-ae22-52c040abe5d7,positively.cv,available,14.98,14.98,high,low,10,namecheap,,,15/09/2026 21:03
24afbfd3-d127-44a8-afa7-96a247d73be4,straying.cv,available,9.99,9.99,medium,low,8,namesilo,,,10/09/2026 22:14
792b1773-5859-4ed6-b0a7-68d4d60c05c6,checkup.cv,available,14.98,14.98,high,low,7,namecheap,,,24/08/2026 18:57
61607d39-db47-4d47-ae8a-fb5ad7cc0e35,guileless.cv,available,4.99,9.99,medium,low,9,namesilo,,,20/08/2026 20:48
ccc00933-058b-4042-bad8-0956dc32dc06,prosperous.cv,available,14.98,14.98,high,low,10,namecheap,,,10/08/2026 19:19
e6e0b4cc-d13b-4b79-9fd6-d83fddcaf2c4,pens.cv,premium,1339.98,80.33,medium,low,4,namesilo,,,20/09/2026 04:15
46c18a7a-8938-4302-8e38-26f6082ac93d,indifferent.cv,available,8.03,8.03,high,low,11,porkbun,,,01/10/2026 02:00
ea86b3b6-12fb-4fe5-b4e7-042d69058f16,recoil.cv,premium,1309.75,9.75,high,low,6,namecheap,,,21/09/2026 15:32
84d7e9b7-5063-4f0a-86f3-b3ddc9f14eba,beerbohm.cv,premium,137.6,8.85,medium,low,8,namesilo,,,23/09/2026 01:47
3c7da5ea-5a4d-48a9-9f8f-941ba437fadc,elusive.cv,available,4.99,9.99,medium,low,7,namesilo,,,08/08/2026 08:07
cc6b27da-9af4-4bfd-a229-91fd7e7df23c,corporal.cv,available,4.99,9.99,high,low,8,namesilo,,,13/08/2026 01:52
f916e260-71ac-4d55-b98d-db8fb666c101,abelard.cv,available,14.98,14.98,medium,low,7,namecheap,,,16/09/2026 14:59
7cdc2f52-de2b-43fc-9a7c-0e8ba1bd01dc,blindfolded.cv,available,7.98,7.98,medium,low,11,spaceship,,,02/10/2026 12:46
1708564e-0b8f-4608-a447-3f9447cd6712,dissected.cv,available,4.99,9.99,medium,low,9,namesilo,,,12/08/2026 10:41
b4f66384-bc67-4d85-8622-4bc793e82495,saharan.cv,available,14.98,14.98,high,medium,7,namecheap,,,09/09/2026 20:49
68ce532e-dc6c-497c-b807-a0ed0344c37b,guayaquil.cv,premium,137.6,80.33,high,low,9,namesilo,,,30/09/2026 01:48
cc7db969-a46a-484d-8fda-6286de9a381d,postcards.cv,available,14.98,14.98,medium,low,9,namecheap,,,18/09/2026 23:33
1f1394aa-2dd0-4dc5-9292-d4a960325ecc,ghostly.cv,available,4.99,9.99,medium,low,7,namesilo,,,06/08/2026 05:28
e638f3d7-295c-43c1-8634-360dbc430ef7,died.cv,premium,1042.76,69.86,low,low,4,spaceship,,,03/10/2026 01:51
7c468055-0689-40e0-a39d-0b1da95f9ca0,fearsome.cv,available,4.99,9.99,medium,low,8,namesilo,,,14/08/2026 08:55
bccfed14-4645-44a7-8f2a-86b654fc4468,abridger.cv,available,9.99,9.99,high,low,8,namesilo,,,16/09/2026 14:35
4cfb7795-0e56-440a-9a64-e448de37158e,nipper.cv,premium,75.86,8.85,medium,low,6,namesilo,,,25/08/2026 00:05
4ca46216-ba5f-418b-bbcb-a9326ab416b1,mapping.cv,premium,137.6,8.85,high,low,7,namesilo,,,30/09/2026 09:11
c659dac8-df50-416f-a0e3-179da2856f24,concretely.cv,available,9.99,9.99,medium,low,10,namesilo,,,14/09/2026 08:12
4a395511-9855-472d-97f0-ab8e323bffa4,heartburn.cv,available,7.98,7.98,medium,low,9,spaceship,,,29/09/2026 22:23
5ccb90f6-0c09-4d15-8925-2d00a9be26b7,invaders.cv,available,7.98,7.98,medium,low,8,spaceship,,,30/09/2026 00:36
d32c7575-c58f-4b2b-8e63-4729be9d1eb9,fragile.cv,available,4.99,9.99,high,low,7,namesilo,,,18/08/2026 13:57
20bbc631-bd9e-45f1-841d-51e13f2ea7fd,jews.cv,premium,1339.98,80.33,medium,low,4,namesilo,,,
e402e0b4-3547-40a9-84ba-971c73b2a822,orientated.cv,available,14.98,14.98,high,low,10,namecheap,,,04/09/2026 17:54
8f0cfea9-b49b-41fc-a8f1-dc92c6a729aa,inman.cv,premium,228.25,74.25,medium,low,5,dynadot,,,29/09/2026 15:42
638d4c55-3453-4e7f-a2e1-1be86e5c4bef,tenth.cv,premium,265.6,80.33,high,low,5,namesilo,,,21/09/2026 11:17
c824516d-508a-4fb4-926f-62ab582eb7e2,terrorism.cv,available,9.99,9.99,medium,low,9,namesilo,,,17/09/2026 04:10
2d8e19f1-20a4-43b9-a21b-d0ff9a18314a,acquittal.cv,available,9.99,9.99,high,low,9,namesilo,,,17/09/2026 02:42
4d7b8d14-ff32-46b6-80df-346ef7c63bd6,lincolnshire.cv,available,7.98,7.98,medium,low,12,spaceship,,,28/09/2026 11:48
3c7a7082-337c-4b45-8c56-20e72e273a98,airbus.cv,premium,80.33,8.85,high,medium,6,namesilo,,,17/09/2026 23:02
5299b12e-e27f-43f7-b9c0-b317461ae90d,exam.cv,premium,1339.98,80.33,high,low,4,namesilo,,,27/09/2026 03:51
b3e75e5a-1e47-4075-b635-897a5a03aa9d,exiguous.cv,available,4.99,9.99,medium,low,8,namesilo,,,17/08/2026 17:18
ad4e2dd0-0353-4230-b76e-456c1419d562,affixed.cv,available,9.99,9.99,medium,low,7,namesilo,,,
870a7689-cd17-46e2-a27f-06a5bf3ca4f6,sunburned.cv,available,9.99,9.99,medium,low,9,namesilo,,,11/09/2026 01:46
fbc93202-6b57-465c-9966-2ac0e827b195,floats.cv,premium,80.33,8.85,medium,low,6,namesilo,,,29/09/2026 23:46
db565b92-a8a0-4095-a254-c24dc8f88d49,crib.cv,premium,1042.76,69.86,high,low,4,spaceship,,,29/09/2026 00:31
e8b2b4ee-2afa-4c5e-86d3-a03171715509,tail.cv,premium,1309.75,87.75,high,low,4,namecheap,,,22/09/2026 19:11
779207b1-7a85-49f4-a44a-0d453847e2e2,crooked.cv,available,4.99,9.99,medium,low,7,namesilo,,,13/08/2026 07:51
e4737545-ef34-4101-8f9f-8fa25e3389f1,reasoned.cv,available,9.99,9.99,high,low,8,namesilo,,,09/09/2026 11:08
9d1822aa-fddf-4c6f-b6cc-f0538120277f,unentitled.cv,available,9.99,9.99,low,low,10,namesilo,,,12/09/2026 09:07
f865a7be-8f4b-4992-b890-6c19fe255dc9,phallic.cv,available,9.99,9.99,medium,low,7,namesilo,,,08/09/2026 18:31
a54d7076-da6b-4a7a-b53c-cff9532a30d2,usgs.cv,premium,1042.76,69.86,medium,low,4,spaceship,,,28/09/2026 03:54
3e2c4746-ca11-42ce-af96-61c175c1e487,crepuscle.cv,available,9.99,9.99,medium,low,9,namesilo,,,11/09/2026 21:50
51243c60-eaa3-41b4-8db6-b90cc3bd1338,coalescing.cv,available,4.99,9.99,medium,low,10,namesilo,,,12/08/2026 13:53
4bab71fe-2602-4d26-819b-e732aa8b0f58,doubled.cv,available,4.99,9.99,high,low,7,namesilo,,,14/08/2026 16:55
b3537a21-ad91-4341-b577-d22bbe14d1a5,atkinson.cv,premium,529.75,9.75,high,low,8,namecheap,,,25/09/2026 17:41
520fed21-9ee3-4e18-b003-c5e81572a4e9,brickly.cv,available,4.99,9.99,medium,low,7,namesilo,,,11/08/2026 03:51
37ad8103-ae33-45bd-95de-37918aa9a3c5,ebony.cv,premium,260.8,80.33,high,low,5,namesilo,,,14/08/2026 23:09
ecc2f72d-877b-43a4-9f91-b6327098e884,mat.cv,premium,2609.75,87.75,high,low,3,namecheap,,,08/09/2026 07:48
8d0fd1f9-f5a2-4f9e-8758-b436f11206d6,accidentally.cv,available,7.98,7.98,medium,low,12,spaceship,,,28/09/2026 03:20
8d538f51-a81d-4059-9cf5-d6a5edb5513b,honda.cv,premium,214.76,69.86,high,high,5,spaceship,,,30/09/2026 12:03
20140893-f5ed-437c-a13d-36010795028e,lacerate.cv,available,14.98,14.98,medium,low,8,namecheap,,,22/08/2026 17:51
19833275-9e87-43fe-a44a-7f67b551505f,streaked.cv,available,9.99,9.99,medium,low,8,namesilo,,,10/09/2026 22:16
f7b6937e-0c80-43fd-adae-273fd505f6af,kendrick.cv,premium,137.6,8.85,medium,low,8,namesilo,,,28/09/2026 08:02
4fc7a568-a3e4-4446-ba51-fe44bfffa8af,hertzian.cv,available,4.99,9.99,medium,low,8,namesilo,,,21/08/2026 07:14
3f55e75b-16b7-4ffc-8cbb-c3fd5a2e7e4c,accomplished.cv,resell,,,high,low,12,Spaceship,04/03/2026 02:16,04/03/2027 02:16,30/09/2026 21:49
a2fd83fd-a900-4c97-90fd-81812357ce13,lydia.cv,premium,265.6,80.33,high,low,5,namesilo,,,25/09/2026 09:12
ad955852-ff66-48d0-8d8d-7ba6b53f52da,pedestrian.cv,available,9.99,9.99,high,low,10,namesilo,,,08/09/2026 12:28
758cf9d9-354d-4f47-ba6c-33f6c344ad0f,eloise.cv,premium,118.25,9.75,high,low,6,dynadot,,,01/10/2026 08:50
c3fe049a-0e58-48c8-b4fe-32035143dacf,nonrandom.cv,available,14.98,14.98,medium,low,9,namecheap,,,03/09/2026 20:26
d7afd39e-95c7-4683-8195-a0a8c9904514,psu.cv,premium,2077.76,69.86,high,low,3,spaceship,,,02/10/2026 07:40
84e67d2e-9626-4803-bff0-ca3eb571c6e9,buggy.cv,premium,265.6,80.33,high,low,5,namesilo,,,22/09/2026 08:13
ef1ad9c1-86e7-4b0c-bca6-93a492bda8ab,spicebush.cv,available,9.99,9.99,medium,low,9,namesilo,,,18/09/2026 20:40
45071656-c389-426c-b2b9-c0f29c860fd2,boiling.cv,available,9.99,9.99,high,low,7,namesilo,,,14/09/2026 00:51
8a0dbaa7-48a5-45e7-aeb9-a6052f88b344,duplex.cv,premium,87.75,9.75,high,low,6,namecheap,,,14/08/2026 21:23
186d427f-8728-438a-b27a-fb0d419ad244,litter.cv,available,9.99,9.99,high,low,6,namesilo,,,22/09/2026 23:14
cc8e9ad4-f4af-4bb1-895c-33c85e421350,catatonic.cv,available,14.98,14.98,medium,low,9,namecheap,,,11/08/2026 21:14
99fade76-6f11-422c-8c4e-16b06eb0acfd,folk.cv,premium,1339.98,80.33,high,low,4,namesilo,,,24/09/2026 16:32
68e3342d-9532-4479-afde-cda283efc9d5,fab.cv,premium,2609.75,87.75,high,low,3,namecheap,,,17/08/2026 20:08
41fdd8b2-c615-49d6-877b-a6855b3e46bb,unsilenced.cv,available,14.98,14.98,medium,low,10,namecheap,,,12/09/2026 19:56
c80cdcf7-9c6d-4e46-bcfb-76a3a541ad25,treviso.cv,available,8.03,8.03,high,low,7,porkbun,,,03/10/2026 04:35
a7ca92bb-bb26-45e6-9e27-b28e8596163a,henderson.cv,premium,529.75,9.75,high,low,9,namecheap,,,25/09/2026 19:30
49996a51-2a6a-46f8-9530-72823c293f0d,kassel.cv,premium,118.25,9.75,high,low,6,dynadot,,,29/09/2026 22:13
521ed6ab-bbfd-42ba-a975-6ce87678e097,enlivening.cv,available,4.99,9.99,medium,low,10,namesilo,,,
a81f86ba-3b64-4e5d-b1d8-8c066c2a88eb,root.cv,premium,1339.98,80.33,high,medium,4,namesilo,,,22/09/2026 05:53
9f88e496-9ad5-456b-9dc8-70aad29f69d7,collections.cv,premium,1339.98,8.85,medium,low,11,namesilo,,,17/09/2026 22:06
37d48e7e-9481-4db6-8fee-6e97dd3fdc04,coached.cv,available,7.98,7.98,medium,low,7,spaceship,,,02/10/2026 03:59
564fbb8b-4b25-4566-b42a-c21dcbcdfd3a,anhui.cv,premium,214.76,69.86,high,low,5,spaceship,,,30/09/2026 21:24
74c3094e-8383-4bb6-9b8c-2e47802cfac1,swings.cv,premium,80.33,8.85,medium,low,6,namesilo,,,29/09/2026 05:46
03f3db97-2cef-4a23-a78e-5ebd630f4aa3,hebrew.cv,premium,75.86,8.85,high,low,6,namesilo,,,21/08/2026 05:43
a6e6f9e4-65fe-4504-b4ea-dcab42ff6d7f,satiny.cv,premium,80.33,8.85,high,low,6,namesilo,,,09/09/2026 21:41
59c1f68c-ee23-4406-b94a-a4d9188d0996,paine.cv,premium,226.83,74,medium,low,5,porkbun,,,29/09/2026 13:38
d9d287d8-cad6-4a6e-b863-526fd5ca7949,canadiens.cv,available,7.98,7.98,medium,low,9,spaceship,,,30/09/2026 13:32
3767e642-89bc-4a36-b75f-3a30b95d99a3,conjugate.cv,premium,1309.75,9.75,high,low,9,namecheap,,,12/08/2026 22:11
75b9aeef-9475-4741-94f2-b1a92d5f3954,pochard.cv,available,14.98,14.98,medium,low,7,namecheap,,,21/09/2026 10:48
ce8b3fde-89eb-4585-b84b-6e9be5feb626,paula.cv,premium,265.6,80.33,high,low,5,namesilo,,,25/09/2026 14:33
0ab933a9-84d2-4aa5-badb-f013a357fa75,jenner.cv,premium,69.86,7.76,medium,low,6,spaceship,,,29/09/2026 00:45
408456d0-a153-4a39-bca4-f2a3e9d54ee6,waving.cv,premium,74.25,9.75,high,low,6,dynadot,,,28/09/2026 15:32
f371820c-05f6-4088-a8b5-4cc763134c80,hosmer.cv,premium,139.75,9.75,medium,low,6,namecheap,,,02/10/2026 10:04
62b99a6e-80ca-4a9b-af82-d74d4bce2bb6,djiboutian.cv,available,4.99,9.99,high,low,10,namesilo,,,14/08/2026 14:08
969f6bda-6b26-4ea1-b668-0fbef601c666,naturistic.cv,available,4.99,9.99,medium,low,10,namesilo,,,03/09/2026 13:59
62239414-ec41-49df-945e-0b79fefbb5e5,aphonic.cv,available,4.99,9.99,medium,low,7,namesilo,,,05/08/2026 23:17
8ab45e04-837d-424a-ac82-fc133d79e7ac,shizuoka.cv,premium,117.66,8.5,medium,low,8,porkbun,,,02/10/2026 19:33
ca8869d7-fe79-48e0-b127-ce79d7ffeb5a,bangtail.cv,available,9.99,9.99,medium,low,8,namesilo,,,22/09/2026 02:02
d49951be-7b19-40fe-9f2d-2a43cd4c65ae,dismay.cv,premium,69.86,7.76,medium,low,6,spaceship,,,28/09/2026 20:03
f7e933e0-b71b-489e-9b2b-3afdf6b0abc6,waiter.cv,premium,69.86,7.76,high,low,6,spaceship,,,30/09/2026 10:59
81759889-975c-4083-b058-26e4c391d618,sunnily.cv,available,9.99,9.99,medium,low,7,namesilo,,,14/09/2026 06:41
83f45f4c-edec-40e2-9598-e5848db20a2b,chargeable.cv,available,4.99,9.99,medium,low,10,namesilo,,,12/08/2026 02:27
950beef3-2eff-4cbb-aeaf-5d75d0eae5ff,aloysius.cv,premium,117.66,8.5,high,low,8,porkbun,,,01/10/2026 08:41
36121044-6e8b-4709-be4a-b5d76572a7f2,twilit.cv,premium,87.75,9.75,medium,low,6,namecheap,,,14/08/2026 21:33
8e110858-f137-46e4-8737-cf6e204c899f,shadowy.cv,available,9.99,9.99,medium,low,7,namesilo,,,10/09/2026 05:28
68671351-f766-4304-aa4c-6779c4b35340,epicene.cv,available,4.99,9.99,medium,low,7,namesilo,,,12/08/2026 08:38
6e80b492-186e-4b72-9ea1-e2ec6980b6d3,bends.cv,premium,265.6,80.33,high,low,5,namesilo,,,23/09/2026 07:50
ef539b9b-66de-4635-9b4a-090c16628812,awkwardly.cv,available,9.99,9.99,medium,low,9,namesilo,,,13/09/2026 22:55
31fbd02b-6cf7-4ed4-90b2-47697fbc59cf,reportable.cv,available,9.99,9.99,medium,low,10,namesilo,,,09/09/2026 14:36
d57a2c0b-1c5f-4ba5-a1d0-3e21a673eb51,grievances.cv,available,7.98,7.98,low,low,10,spaceship,,,02/10/2026 01:58
c03db34b-7966-4b80-8c88-b724205d9f19,maintain.cv,premium,137.6,8.85,high,low,8,namesilo,,,29/09/2026 22:52
40b25a27-0cad-43e6-a473-917f2ac70a8c,steinbeck.cv,available,7.98,7.98,high,low,9,spaceship,,,01/10/2026 02:45
f55f214a-f067-486c-9936-09e911fe2180,nielsen.cv,available,7.98,7.98,high,low,7,spaceship,,,02/10/2026 23:52
17fb42d5-a158-454c-bb17-5c759fbfb41a,relatively.cv,available,14.98,14.98,medium,low,10,namecheap,,,28/09/2026 14:14
dc8d7a31-cab0-4fe6-973f-20b3b725ca00,almandine.cv,available,9.99,9.99,medium,low,9,namesilo,,,18/09/2026 12:29
12e2d6a6-a5cb-43ca-8cac-43a13087f8c3,inspectors.cv,available,9.99,9.99,medium,low,10,namesilo,,,01/10/2026 17:30
5388bbd8-da58-45d6-82f3-5ebbd247654c,apophatic.cv,available,4.99,9.99,medium,low,9,namesilo,,,06/08/2026 02:27
5ab3d64e-cc5b-4009-9a82-0388376094e5,service.cv,premium,649.6,80.33,high,medium,7,namesilo,,,01/10/2026 05:32
fd93ce02-b6dd-475d-804d-23379d07f16d,evaluate.cv,premium,137.6,8.85,high,low,8,namesilo,,,30/09/2026 15:15
fa18a36e-e2d0-4f06-8555-f1d726ef8c3b,deviance.cv,premium,1309.75,9.75,medium,low,8,namecheap,,,16/09/2026 15:16
62a2f938-69e4-4005-ad55-2555eea9526b,remarks.cv,available,9.99,9.99,medium,low,7,namesilo,,,18/09/2026 03:12
c317dfae-5e71-4980-a3bd-9073ba15afe5,tainted.cv,available,9.99,9.99,medium,low,7,namesilo,,,11/09/2026 07:12
eaa7e1a2-1931-46fe-b1b2-a39ba91a6444,witches.cv,available,9.99,9.99,medium,low,7,namesilo,,,27/09/2026 11:53
7444eb97-42b4-4762-bf3c-0037870a4774,amino.cv,premium,269.75,87.75,high,low,5,namecheap,,,
65897e54-6467-49b5-bc4d-c601af24a335,solidly.cv,available,9.99,9.99,medium,low,7,namesilo,,,16/09/2026 04:03
c6832392-0c3e-4725-b7a8-7cba801fd9ef,nigger.cv,premium,87.75,9.75,high,medium,6,namecheap,,,29/09/2026 19:25
5d31e6c4-f124-4493-bd3b-199ed5c5abba,abide.cv,premium,265.6,80.33,high,low,5,namesilo,,,29/09/2026 04:34
5e96394a-8c30-4feb-916c-45af15e93e62,frog.cv,premium,1309.75,87.75,high,low,4,namecheap,,,05/08/2026 21:03
ab19d60a-72c1-477b-8a87-dde0cb0a9d2b,oakland.cv,premium,111.26,69.86,high,low,7,spaceship,,,30/09/2026 05:55
dbfc937e-0471-4d09-992a-5f83e961ce88,tinny.cv,premium,260.8,80.33,medium,low,5,namesilo,,,11/08/2026 09:06
174b7410-b263-42a4-acbf-8af4a5d033e1,externally.cv,available,9.99,9.99,medium,low,10,namesilo,,,14/09/2026 17:11
77031ebc-d0fb-4401-ab64-1e6218aba58f,wasnt.cv,premium,214.76,69.86,medium,low,5,spaceship,,,02/10/2026 04:19
a4d7ac97-6676-4fa7-a8b6-3d1406e69bd9,abutilon.cv,available,14.98,14.98,medium,low,8,namecheap,,,16/09/2026 19:21
37ff437e-f69e-46a2-8506-658b4563767a,reverend.cv,available,9.99,9.99,high,low,8,namesilo,,,09/09/2026 16:06
6332a73f-3a71-4715-9c04-572247ef987d,encyclical.cv,available,4.99,9.99,medium,low,10,namesilo,,,17/08/2026 00:42
c0ad47b8-775b-4b21-9921-6587ebdb80a5,confiscated.cv,available,14.98,14.98,low,low,11,namecheap,,,29/09/2026 11:03
04ae4283-df1f-40c7-975a-9f18ff8a657d,beaufort.cv,premium,137.6,8.85,high,low,8,namesilo,,,30/09/2026 13:16
419a8993-50ed-4258-b706-8a071e130c21,underestimated.cv,available,14.98,,medium,low,14,namecheap,,,
2c20d948-837f-4785-a2b2-dc596886a697,biker.cv,premium,265.6,80.33,high,low,5,namesilo,,,01/10/2026 22:31
abc57fad-deac-489d-bd04-f7e9fef8123f,squeak.cv,premium,80.33,8.85,high,low,6,namesilo,,,24/09/2026 15:54
814e8c59-5cb2-4cc0-aff8-2ea81de96705,unplug.cv,premium,80.33,8.85,high,low,6,namesilo,,,29/09/2026 15:31
348387f2-062b-443f-800f-df6f0b784258,december.cv,available,14.98,14.98,high,low,8,namecheap,,,24/09/2026 21:09
16dd53dd-aefd-4912-b008-0001ccfb254e,agree.cv,premium,269.75,87.75,high,low,5,namecheap,,,28/09/2026 17:26
f494abc4-0786-4afa-a11a-aa04f9e3d22c,extend.cv,premium,111.26,15.53,high,low,6,spaceship,,,30/09/2026 19:37
8f10b6c9-4af2-40d2-9670-f6baedb57495,choreographer.cv,available,7.98,7.98,medium,low,13,spaceship,,,30/09/2026 20:06
7468dc2b-a9b9-484b-9c79-fdc06d99446c,peed.cv,premium,1339.98,80.33,medium,low,4,namesilo,,,18/09/2026 08:17
267cfef0-3500-4da3-8838-8239c8b7cb4e,predaceous.cv,available,9.99,9.99,high,medium,10,namesilo,,,09/09/2026 01:22
85db89eb-c938-479c-b912-ba4474cdab86,ascension.cv,available,4.99,9.99,high,low,9,namesilo,,,07/08/2026 00:30
14844cdd-a59d-42a6-a10c-6f294128ff73,deadlifts.cv,available,9.99,9.99,medium,low,9,namesilo,,,21/09/2026 05:50
81eaa2a4-ac5d-49e8-ab6a-2dacf72a1d68,arising.cv,available,14.98,14.98,high,low,7,namecheap,,,02/10/2026 17:55
4d0180d0-7dc0-4dd3-a2b9-2e7ebe9f387a,moods.cv,premium,214.76,69.86,medium,low,5,spaceship,,,30/09/2026 07:06
009d36b0-8507-4ed5-8b9f-9c7bad4f4d7b,precocious.cv,available,9.99,9.99,high,medium,10,namesilo,,,09/09/2026 01:16
52ed75dc-6dfe-4e42-97f7-2a0b43724c7b,ange.cv,premium,1339.98,80.33,medium,low,4,namesilo,,,03/10/2026 04:42
ae5c224d-7ba3-4fc1-8df4-4892adbe2cbb,constants.cv,available,9.99,9.99,medium,low,9,namesilo,,,21/09/2026 01:13
8b522a72-041e-40bf-bf90-fe980a59b66b,citrin.cv,premium,87.75,9.75,high,low,6,namecheap,,,23/09/2026 18:00
8714f766-30e6-45a9-82e9-071ccc1ee18b,groundless.cv,available,4.99,9.99,medium,low,10,namesilo,,,08/08/2026 21:49
3054be44-2e54-4766-9dee-97a1332fdad2,thundery.cv,available,,,medium,low,8,,,,13/08/2026 19:58
e4baf695-630f-46a2-a645-c3f8420b611f,specimen.cv,available,9.99,9.99,high,low,8,namesilo,,,28/09/2026 03:06
7f395664-161a-4565-98e0-16d082a14496,dedicated.cv,premium,137.6,80.33,high,low,9,namesilo,,,23/09/2026 20:41
45411508-e9eb-47e6-afa8-b618de1cf7ad,abaft.cv,premium,265.6,80.33,low,low,5,namesilo,,,
741f0e4c-1244-473f-bc81-10511cf9f289,interval.cv,premium,1309.75,9.75,high,low,8,namecheap,,,29/09/2026 13:09
4a31a1b8-5d04-4764-bfde-f98cc61021b4,cleveland.cv,premium,137.6,80.33,high,low,9,namesilo,,,29/09/2026 10:02
cd54c65c-08e5-4318-b798-a76158fd1d95,hobson.cv,premium,111.26,7.76,medium,low,6,spaceship,,,28/09/2026 12:14
1bca8dc3-c223-4bac-a958-26ce9c4b7236,hutch.cv,premium,265.6,80.33,high,low,5,namesilo,,,03/10/2026 01:14
988efd87-c478-439d-919f-477009101ba2,angas.cv,premium,265.6,80.33,medium,low,5,namesilo,,,19/09/2026 05:46
4b288894-8c58-4752-adac-158d3c026d6c,pendant.cv,available,9.99,9.99,high,low,7,namesilo,,,08/09/2026 14:12
82b8fe78-fc18-439b-961d-138ea25c34f2,afrika.cv,premium,74,8.5,high,low,6,porkbun,,,02/10/2026 19:20
1cdfc56b-c8c5-44d8-9f0e-b4dc68f9120a,sylvie.cv,premium,137.6,8.85,high,low,6,namesilo,,,01/10/2026 14:30
1a59376e-6800-4f81-b636-f95d6c6cd1f6,lenten.cv,premium,75.86,8.85,medium,low,6,namesilo,,,22/08/2026 23:48
2aaed0ce-28f9-4ae3-9f6c-147141ef89d8,fences.cv,premium,69.86,7.76,medium,low,6,spaceship,,,29/09/2026 11:21
3680d2a3-a891-4525-9697-0b4037f6376f,downscale.cv,available,14.98,14.98,medium,low,9,namecheap,,,14/08/2026 17:52
e8870e95-cf5b-443b-bb50-165064ee9052,bracer.cv,premium,80.33,8.85,medium,low,6,namesilo,,,20/09/2026 06:51
09d3e8aa-6cdc-4c5a-af3f-9aefdf7d30ce,ardeidae.cv,available,9.99,9.99,medium,low,8,namesilo,,,20/09/2026 03:06
ba0ab7fd-c14d-435a-9479-0de4d9842a4c,puddings.cv,available,14.98,14.98,medium,low,8,namecheap,,,19/09/2026 22:22
ad4e0565-0f3e-4078-a4b8-beb08e53dcbf,sfa.cv,premium,2609.75,87.75,high,low,3,namecheap,,,03/10/2026 04:57
5dbd2ab4-442f-47ea-a7bf-10194a099494,peeved.cv,premium,75.86,8.85,medium,low,6,namesilo,,,
7ee9b244-44f1-4734-bf93-19cf1aa898e0,santa.cv,premium,269.75,87.75,high,low,5,namecheap,,,29/09/2026 19:01
19c5cc79-5e43-4962-a086-f85beef43bdb,seedy.cv,premium,265.6,80.33,medium,low,5,namesilo,,,
65d855f2-534f-4442-81da-5c1dd450ac83,unclaimed.cv,available,9.99,9.99,medium,low,9,namesilo,,,12/09/2026 05:13
e31397c6-58af-4fe8-b98e-fa85e421661a,impaired.cv,available,14.98,14.98,medium,low,8,namecheap,,,21/08/2026 21:40
46276b77-1399-4e88-968a-6619b0c51927,testosterone.cv,available,9.99,9.99,high,low,12,namesilo,,,29/09/2026 10:23
33cefe61-fabd-419a-9c99-e2250afe3444,therapeutic.cv,available,14.98,14.98,high,low,11,namecheap,,,29/09/2026 14:26
81589613-141a-4a62-bbd4-12c768e4c5e7,omniscient.cv,available,9.99,9.99,high,low,10,namesilo,,,
108f76f4-f697-46f4-98ae-115250d112ab,frontal.cv,available,4.99,9.99,high,low,7,namesilo,,,18/08/2026 16:15
94948a49-ca0f-401b-9b66-1ee8e3f7ae28,satisfied.cv,premium,137.6,8.85,high,low,9,namesilo,,,27/09/2026 09:14
a17f21d0-272d-46b9-8ced-7c4f5583d5f4,illiteracy.cv,available,9.99,9.99,medium,low,10,namesilo,,,19/09/2026 01:54
046450a6-589b-49c2-a636-52795b45833a,blind.cv,premium,265.6,80.33,high,low,5,namesilo,,,22/09/2026 21:56
2e404fff-a4e8-4b66-8bdd-f1101eccdf1c,operose.cv,available,4.99,9.99,medium,low,7,namesilo,,,06/08/2026 17:05
8f5bd6f9-c839-47b9-898c-2b8f01a103e4,whereby.cv,available,14.98,,medium,low,7,namecheap,,,
e883942f-2851-46f3-8ecf-15dbfdeb7263,depressant.cv,available,4.99,9.99,medium,low,10,namesilo,,,14/08/2026 02:39
8c140968-b01f-4212-a785-da2881cc3c93,horse.cv,premium,228.25,74.25,high,low,5,dynadot,,,01/10/2026 18:22
1d33d310-e0ba-4c60-af67-d2d838075936,unseeing.cv,available,9.99,9.99,high,medium,8,namesilo,,,10/09/2026 07:57
6754db78-5925-42d2-aeca-b67a1b4e9629,epicure.cv,available,4.99,9.99,high,low,7,namesilo,,,17/08/2026 10:42
462d9806-5620-4184-b2ae-311b230ac720,cultivated.cv,available,4.99,9.99,high,low,10,namesilo,,,13/08/2026 10:14
f436f77c-8fbb-4085-b16a-363613ae2fa1,sunk.cv,premium,1309.75,87.75,medium,low,4,namecheap,,,11/09/2026 01:50
d6565255-47ed-43ba-92b0-53510e5df1b5,realty.cv,premium,1309.75,9.75,high,low,6,namecheap,,,21/08/2026 21:24
38935ee5-6f77-493d-878d-650b2380cced,deliverance.cv,available,14.98,14.98,medium,low,11,namecheap,,,02/10/2026 21:42
c86fbb75-d1db-4148-b8c0-ff957cd47980,bothersome.cv,available,4.99,9.99,medium,low,10,namesilo,,,
7bcff9f9-13e9-44bb-9e4e-43a775ee36b3,granola.cv,available,7.98,7.98,high,low,7,spaceship,,,29/09/2026 21:28
8dbd6757-fd48-4605-9716-1936cfd1439b,walking.cv,premium,111.26,7.76,high,low,7,spaceship,,,28/09/2026 10:16
b6043d29-8649-4460-981b-d63171a7660a,dogwoods.cv,available,9.99,9.99,medium,low,8,namesilo,,,20/09/2026 13:05
383fe374-03be-40e8-927d-8d3973d6e7e9,trickily.cv,available,9.99,9.99,low,low,8,namesilo,,,14/09/2026 09:11
7f024f5b-f0df-47fc-b373-59098bba7c1f,melodramatic.cv,available,9.99,9.99,medium,low,12,namesilo,,,02/10/2026 06:53
91fe0b22-ff17-421a-8017-fd99ed1903f5,hearsay.cv,available,4.99,9.99,medium,low,7,namesilo,,,21/08/2026 02:04
8625198e-1808-4b57-a931-ef5971da28e5,hummingbird.cv,available,9.99,9.99,high,low,11,namesilo,,,02/10/2026 07:10
38150cee-bd1a-45ed-997d-2e43b7773561,avidness.cv,available,14.98,14.98,medium,low,8,namecheap,,,21/09/2026 09:29
bf29aeae-1444-4a6f-98d7-f3d99e4ca1c6,bathroom.cv,premium,137.6,8.85,high,low,8,namesilo,,,27/09/2026 06:27
8d2db106-c21d-47ca-836e-cb3fc2feba95,keypress.cv,available,14.98,,medium,low,9,namecheap,,,
ff6d6409-24ad-4f5a-ab67-6c0c64354319,steering.cv,available,8.03,8.03,medium,low,8,porkbun,,,28/09/2026 15:24
bcb8236b-6d1e-4539-a706-fadd130bcdbe,aip.cv,premium,2770.35,80.33,high,low,3,namesilo,,,01/10/2026 07:20
2fde5f2f-f1e2-42a8-9809-d70e888e7d69,drip.cv,premium,1042.76,69.86,high,medium,4,spaceship,,,28/09/2026 18:59
39472868-257f-464e-a0fb-6b30ecab745a,rig.cv,premium,2609.75,87.75,high,low,3,namecheap,,,20/09/2026 11:18
1e4a242e-211f-4afe-8b55-f40369ee9fd7,stark.cv,premium,265.6,80.33,high,medium,5,namesilo,,,22/09/2026 13:23
99b58b4b-fbba-4dc2-a3c9-d96cb299c9f6,albert.cv,premium,1339.98,8.85,high,low,6,namesilo,,,18/09/2026 02:35
8a511118-f3f4-44a1-acdb-89c2545227c7,askant.cv,premium,75.86,8.85,medium,low,6,namesilo,,,07/08/2026 03:05
4e4e8a4f-54c1-4552-a0bd-d62c2f043952,obdurate.cv,available,14.98,14.98,medium,low,8,namecheap,,,13/08/2026 12:15
934b35c4-3b81-4835-b57f-e955c168a175,stabilize.cv,available,8.03,8.03,high,low,9,porkbun,,,30/09/2026 03:14
61ee0470-552f-4604-8b30-f460cc976ba7,democracy.cv,available,9.99,9.99,high,low,9,namesilo,,,29/09/2026 13:54
88d5e814-2439-440e-b1c6-9f270e0d42e0,patented.cv,available,9.99,9.99,high,low,8,namesilo,,,08/09/2026 10:24
0af764cb-5cff-4013-919a-e8e6a69addb2,tritely.cv,available,14.98,14.98,low,low,7,namecheap,,,16/09/2026 09:30
32edac1e-9b05-4431-a2f5-3fa8055e79df,older.cv,premium,265.6,80.33,high,low,5,namesilo,,,21/09/2026 22:32
f4d85794-e378-44e1-b76a-23061c07994b,draft.cv,premium,265.6,80.33,high,low,5,namesilo,,,23/09/2026 16:03
1d796da1-200d-4cce-9997-5ee829e64997,airhead.cv,available,9.99,9.99,high,low,7,namesilo,,,17/09/2026 23:11
8ce51ce9-a2a0-4614-9600-eeae2ede9cf5,ounces.cv,premium,80.33,8.85,medium,low,6,namesilo,,,16/09/2026 11:16
e9ad2d65-fa9e-4c56-be84-373f18842af8,immigrants.cv,available,14.98,14.98,medium,low,10,namecheap,,,29/09/2026 17:14
9e186e62-5046-4623-a317-286208e5b4cf,spartans.cv,available,9.75,9.75,medium,low,8,dynadot,,,02/10/2026 02:39
ffe0eacf-c0c8-46cb-b798-169ae7172f89,stokes.cv,premium,421.76,7.76,medium,low,6,spaceship,,,28/09/2026 22:21
216487d7-2dee-4cbe-8697-d8d7f7deaf51,pliny.cv,premium,214.76,69.86,medium,low,5,spaceship,,,28/09/2026 01:57
12418666-71ff-47e6-afdb-1623e27e6cfd,calhoun.cv,premium,521.6,8.85,medium,low,7,namesilo,,,27/09/2026 03:19
be7cb76b-f1f9-4e9d-9f1b-07fcf4b839ab,irina.cv,premium,228.25,74.25,high,low,5,dynadot,,,29/09/2026 15:31
8a3c5703-c46a-4762-b2f6-6b816a05e038,inconclusive.cv,available,7.98,7.98,medium,low,12,spaceship,,,30/09/2026 04:07
31814221-6fab-4b5d-8c4b-5d8616375e33,jolt.cv,premium,1339.98,80.33,high,low,4,namesilo,,,25/09/2026 11:45
84e119b1-3759-41aa-b9a8-58bc9632a1ff,nafud.cv,premium,269.75,87.75,medium,low,5,namecheap,,,19/09/2026 00:44
02dfb5a7-65aa-41c5-a922-8e52e36b9fd7,racehorse.cv,available,9.99,9.99,high,low,9,namesilo,,,22/09/2026 01:58
4b0bff0e-0fe9-4944-a5f7-ceac635a4947,bellamy.cv,premium,111.26,7.76,medium,low,7,spaceship,,,28/09/2026 12:15
2bc11499-e123-41ca-89dd-a59463abd9d0,climactic.cv,available,4.99,9.99,high,low,9,namesilo,,,12/08/2026 10:55
3aac751c-dd6a-43b0-839a-0cf6b6cff47c,spirited.cv,available,9.99,9.99,high,low,8,namesilo,,,27/09/2026 03:25
28fd7e89-7e4d-44b6-88f2-3c38961b7aa1,raf.cv,premium,2770.35,80.33,high,low,3,namesilo,,,27/09/2026 05:07
ae455078-c18b-445c-815e-704cecf56108,upstate.cv,available,14.98,14.98,high,low,7,namecheap,,,16/09/2026 10:25
a585a8f4-c2cd-4adf-9c20-983dc40e5a8e,dudley.cv,premium,448.25,9.75,medium,low,6,dynadot,,,28/09/2026 12:03
ea3fd92c-fd6d-4950-b863-8161cc2bc55e,nigerian.cv,premium,132.8,80.33,high,low,8,namesilo,,,03/09/2026 17:12
0086526e-e3f1-4a3a-b906-9479a8984430,convenient.cv,available,9.99,9.99,high,low,10,namesilo,,,23/09/2026 15:48
4b0d0fe7-9f3c-4377-a00e-0ffed067dd3a,cornflower.cv,available,9.99,9.99,high,low,10,namesilo,,,21/09/2026 14:08
dcd7c54e-9912-4e44-9c3c-a86d34bc976f,bellhop.cv,available,9.99,9.99,high,low,7,namesilo,,,23/09/2026 06:01
2fc7a47f-9790-4203-a5ee-08d7b3516f5d,nicotine.cv,available,9.99,9.99,medium,low,8,namesilo,,,29/09/2026 19:49
80d83400-6699-4c88-82a6-6906fd808ebd,annuity.cv,premium,1339.98,8.85,high,low,7,namesilo,,,19/09/2026 10:58
2066ac30-405e-4772-99b2-84bdd5cb21d5,pleasantly.cv,available,14.98,14.98,high,low,10,namecheap,,,13/09/2026 18:20
e6dd7d0a-50ef-4dc5-8b73-917c8543b436,nobel.cv,premium,265.6,80.33,high,low,5,namesilo,,,18/09/2026 06:24
ea417d63-d21c-44f4-8260-eea714a099eb,quickest.cv,available,14.98,14.98,medium,low,8,namecheap,,,14/09/2026 17:48
ea67980b-ce34-4fbe-808e-f806b001bccc,bam.cv,premium,2609.75,87.75,high,low,3,namecheap,,,22/09/2026 00:34
5891c609-6100-4985-9e8e-404e08b4be02,translunar.cv,available,9.99,9.99,medium,low,10,namesilo,,,11/09/2026 02:19
e08a1e8f-f689-4aa6-a476-5c7c81cf86ff,instructed.cv,available,9.99,9.99,medium,low,10,namesilo,,,28/09/2026 04:56
9ceb0a2b-ff06-4c7e-ac9d-60a1fe018489,tend.cv,premium,1339.98,80.33,high,low,4,namesilo,,,29/09/2026 23:54
b2b38b92-b2b8-40c8-add8-9f6e2a2c44e9,issuer.cv,premium,87.75,9.75,high,low,6,namecheap,,,30/09/2026 10:16
ec7b809d-a977-426e-a007-23bb06794548,ride.cv,premium,1108.25,74.25,high,low,4,dynadot,,,29/09/2026 00:38
173b3ef6-8f1d-42d7-a748-614eb351268e,strindberg.cv,available,9.99,9.99,medium,low,10,namesilo,,,21/09/2026 03:49
91a96c21-82c0-440e-9d84-0858579f7c48,springless.cv,available,9.99,9.99,low,low,10,namesilo,,,10/09/2026 16:51
4b22a825-aef6-40b0-aa71-1d1ca3c78f37,dollars.cv,premium,1339.98,8.85,high,low,7,namesilo,,,17/09/2026 07:00
9887eaef-0531-4468-8221-20c5c7d16467,passage.cv,available,9.75,9.75,high,low,7,dynadot,,,27/09/2026 13:23
a6a46ba0-104b-47d8-88f8-5a0636874c78,gregarious.cv,available,4.99,9.99,high,low,10,namesilo,,,20/08/2026 19:56
8377538c-082f-4579-b388-a316737820b7,gloucester.cv,available,7.98,7.98,high,low,10,spaceship,,,30/09/2026 09:55
f08e85ec-1448-40e5-accc-b720a772661e,beatles.cv,available,9.99,9.99,high,low,7,namesilo,,,22/09/2026 21:43
4b118a5d-7cd4-4be6-b547-3410879d081f,type.cv,premium,1339.98,80.33,high,low,4,namesilo,,,30/09/2026 14:06
c08ccdcb-8f58-4146-9383-399e75153d7a,osborn.cv,premium,137.6,8.85,high,low,6,namesilo,,,27/09/2026 07:58
6fff585c-872d-4292-9737-907df086712c,ardeb.cv,premium,265.6,80.33,medium,low,5,namesilo,,,20/09/2026 03:06
a7396dd8-acfa-452c-9baf-26bfce44d5c3,wards.cv,premium,269.75,87.75,medium,low,5,namecheap,,,30/09/2026 06:54
76cab32c-539d-4f7e-b54b-8e5d454df8ad,nationals.cv,available,9.99,9.99,high,medium,9,namesilo,,,29/09/2026 17:35
2157f88e-d3bc-4ee2-88d7-361cb971bdde,whitlock.cv,available,7.98,7.98,medium,low,8,spaceship,,,30/09/2026 21:49
ebdd1513-2a94-42b3-afbd-90dddac1ca59,guilty.cv,premium,139.75,9.75,high,low,6,namecheap,,,20/08/2026 20:50
19135d08-0c45-4873-90b4-12f920ec7828,blog.cv,premium,1100.15,74,high,medium,4,porkbun,,,29/09/2026 17:59
92a8c176-408a-4832-b007-dea60e5da554,circus.cv,premium,80.33,8.85,high,low,6,namesilo,,,29/09/2026 09:23
11306a79-e49a-4464-8093-0f8351a70a64,cancelled.cv,available,4.99,9.99,high,low,9,namesilo,,,11/08/2026 16:25
bbec1857-cd97-417c-b85b-d0ece950ce63,jaded.cv,premium,260.8,80.33,medium,low,5,namesilo,,,22/08/2026 11:58
a07b6e99-f6cd-4599-9a85-3d6da12b7439,crown.cv,premium,269.75,87.75,high,medium,5,namecheap,,,24/09/2026 19:47
ee983c88-3ee7-4ce4-83fd-d742b719fc17,ashlar.cv,premium,80.33,8.85,high,low,6,namesilo,,,20/09/2026 13:55
ed02cf8b-d36b-4386-b50d-16d1ab01a071,anthropoid.cv,available,4.99,9.99,medium,low,10,namesilo,,,
aeaf1e1a-597a-45f1-a685-b0e55e8b7452,sway.cv,premium,1339.98,80.33,high,low,4,namesilo,,,24/09/2026 12:53
a3dd8e7a-3aa9-4ef5-8447-9045605c9a87,commoner.cv,available,9.99,9.99,high,low,8,namesilo,,,03/10/2026 00:04
62244c40-4e70-43dc-ba9d-21ba2f814cc2,kato.cv,premium,1042.76,69.86,high,low,4,spaceship,,,29/09/2026 09:49
34066d26-fb08-4e39-a78b-3513a87cf6e9,wicker.cv,premium,80.33,8.85,high,low,6,namesilo,,,02/10/2026 14:32
82387842-3f68-47ad-ad68-96e8e1a8d488,azalea.cv,premium,137.6,8.85,high,low,6,namesilo,,,21/09/2026 11:00
4b7af775-b775-4a33-b1d3-1892e11fee2c,bathyal.cv,available,4.99,9.99,low,low,7,namesilo,,,09/08/2026 01:34
be2e41eb-73ba-4f80-ae6d-b7f732f76ab1,balanced.cv,available,9.99,9.99,high,low,8,namesilo,,,29/09/2026 16:30
20f96ce4-a445-4c99-a3a9-13ce1ed7cbf5,lineal.cv,premium,75.86,8.85,medium,low,6,namesilo,,,23/08/2026 14:16
0761dfdc-2504-4fa3-afc9-61d2ca55a0f9,duval.cv,premium,265.6,80.33,medium,low,5,namesilo,,,28/09/2026 11:57
af6e127f-e864-4642-bae8-61a9f36afeab,aerobics.cv,available,9.99,9.99,high,low,8,namesilo,,,17/09/2026 12:56
1e9acd45-c36f-41b6-819e-c785cd0fe5c8,dowry.cv,premium,265.6,80.33,medium,low,5,namesilo,,,24/09/2026 23:36
f97d4948-d5ef-41dc-830f-78e2abcaee98,eclipse.cv,premium,649.6,80.33,high,medium,7,namesilo,,,25/09/2026 23:52
c5241f68-5f09-424d-83df-e39dd8c8d4e9,faust.cv,premium,226.83,74,high,low,5,porkbun,,,02/10/2026 15:04
781c1d69-175d-44d8-bc07-ebf766270bc9,rankine.cv,available,9.75,9.75,medium,low,7,dynadot,,,02/10/2026 16:29
9706b9c9-9e9b-4acc-a50f-bd75d29d1f84,departing.cv,available,7.98,7.98,high,low,9,spaceship,,,29/09/2026 14:42
26c3fc6c-4da5-4d70-a658-fd0fbc93385e,nyse.cv,premium,1042.76,69.86,high,low,4,spaceship,,,29/09/2026 02:35
91dfdea9-d8ab-44e6-a73a-674987d8cb41,trains.cv,premium,80.33,8.85,high,low,6,namesilo,,,27/09/2026 22:59
6f5ec115-af98-40fc-89bd-4083267cddca,outpouring.cv,available,14.98,14.98,high,low,10,namecheap,,,22/09/2026 07:58
5c29dee7-8bfb-4181-a09e-16c07031f4a2,antapex.cv,available,9.99,9.99,medium,low,7,namesilo,,,19/09/2026 12:32
38104b19-ce83-4b1e-9365-61b4690f32ea,amyl.cv,premium,1309.75,87.75,medium,low,4,namecheap,,,19/09/2026 00:29
48c8de50-a1bb-4490-88b1-e28c6b08a3a2,coloring.cv,available,4.99,9.99,high,low,8,namesilo,,,12/08/2026 17:31
c1eba6f1-49f3-4449-b9ca-3983bbb896af,civil.cv,premium,260.8,80.33,high,low,5,namesilo,,,12/08/2026 09:03
02442c4b-c321-4b11-b985-0e1c44490fec,eeg.cv,premium,2077.76,69.86,high,low,3,spaceship,,,28/09/2026 19:03
a4d2f590-905f-4ed7-a6a5-7fdf0c3bbf07,armet.cv,premium,265.6,80.33,medium,low,5,namesilo,,,20/09/2026 06:49
412ecef0-6903-4056-981b-cf8823e29c4e,upsetting.cv,available,4.99,9.99,medium,low,9,namesilo,,,14/08/2026 09:55
337dd544-dcaf-48b0-9fc2-62d51a54f4a0,warlord.cv,available,9.99,9.99,medium,low,7,namesilo,,,03/10/2026 02:21
3f5921ba-fd7e-44a8-b664-c03019bb86f9,evers.cv,premium,214.76,69.86,high,low,5,spaceship,,,30/09/2026 17:14
95543983-b0d9-4145-9301-0f0ee876fd62,reese.cv,premium,228.25,74.25,high,low,5,dynadot,,,27/09/2026 20:02
d7a72e67-7e03-4711-a987-7f89f217811e,takeshi.cv,available,7.98,7.98,medium,low,7,spaceship,,,02/10/2026 20:09
76d0098e-bbd6-4a37-af27-6dc2d848980a,bryn.cv,premium,1339.98,80.33,medium,low,4,namesilo,,,28/09/2026 07:45
155b5bd0-0c6e-450d-8ccb-141573a05d83,rippled.cv,available,4.99,9.99,medium,low,7,namesilo,,,13/08/2026 06:53
afb1081b-0b74-4570-bf45-8472b7ca3a03,aurally.cv,available,9.99,9.99,medium,low,7,namesilo,,,13/09/2026 22:46
ac76e376-d7ff-4eb5-9290-67e5e36868cc,maldon.cv,premium,137.6,8.85,medium,low,6,namesilo,,,22/09/2026 15:25
4bd08ef4-0d6c-4107-b4c1-4ad5fef11366,thinner.cv,available,9.75,9.75,high,low,7,dynadot,,,29/09/2026 06:40
a4b1b6b8-632a-46b6-81b5-b08089650f85,nicaea.cv,premium,80.33,8.85,medium,low,6,namesilo,,,02/10/2026 04:51
28548ead-ff75-4dc8-b4bf-1efa1b274bc1,unlocking.cv,available,14.98,14.98,high,low,9,namecheap,,,02/10/2026 01:05
ca545ca5-348c-487b-9748-7c6b1a6f90f1,dreamt.cv,premium,74.25,9.75,high,low,6,dynadot,,,02/10/2026 21:17
5e99f42c-6989-4a49-a8a7-2d75883fa302,offish.cv,premium,75.86,8.85,low,low,6,namesilo,,,04/09/2026 01:35
be47d2da-5850-4b12-82c8-1890be146c7a,inconvenient.cv,available,8.03,8.03,medium,low,12,porkbun,,,01/10/2026 05:50
88d38ddf-7aad-41b6-9cdc-73177389f72a,sweaty.cv,premium,69.86,7.76,high,low,6,spaceship,,,01/10/2026 22:22
281d0896-4d75-4ebe-9f2f-5b7f546a9443,eatable.cv,available,4.99,9.99,medium,low,7,namesilo,,,12/08/2026 18:47
130400ca-aaef-4b7e-a13a-84b5bdf350dc,tiers.cv,premium,265.6,80.33,medium,low,5,namesilo,,,02/10/2026 22:59
f574a7ae-b093-4b4a-bf13-c0fc8a86815a,ebooks.cv,premium,1339.98,8.85,high,low,6,namesilo,,,18/09/2026 08:29
f1c50c7f-0113-4e1c-9734-79b308e91658,sleepily.cv,available,9.99,9.99,medium,low,8,namesilo,,,16/09/2026 02:32
87e3d478-bd05-480f-88ba-11a4dc889863,openly.cv,premium,87.75,9.75,high,low,6,namecheap,,,15/09/2026 17:59
a594fc98-50a1-4044-a053-50ea7c0dc624,condign.cv,available,14.98,14.98,medium,low,7,namecheap,,,12/08/2026 20:26
0a24b882-c5d0-4247-a030-4a3b36665ad6,ladylike.cv,available,4.99,9.99,high,low,8,namesilo,,,22/08/2026 18:38
a5e950e0-e64f-4330-a7df-f5c684a2d26b,essex.cv,premium,265.6,80.33,high,low,5,namesilo,,,25/09/2026 05:41
c3e8c968-cc0d-4162-95fa-c8f54dbcc016,cupule.cv,premium,80.33,8.85,medium,low,6,namesilo,,,17/09/2026 02:18
ab6a13c0-2374-4f98-8f5d-0f4fa3119b2c,spike.cv,premium,269.75,87.75,high,low,5,namecheap,,,19/09/2026 15:31
b2530673-dbf2-4110-9cbb-c7959365edd8,newest.cv,premium,80.33,8.85,high,low,6,namesilo,,,18/09/2026 15:57
104c3f54-bb1d-4d55-ab98-a42f366e945e,ethically.cv,available,9.99,9.99,high,low,9,namesilo,,,14/09/2026 16:20
4953795a-a724-4e7d-a468-fdc9bc0e6692,cherished.cv,available,4.99,9.99,high,low,9,namesilo,,,12/08/2026 04:13
f5b30a40-19d4-44de-a915-46587c6fb7e4,wordy.cv,premium,260.8,80.33,medium,low,5,namesilo,,,24/08/2026 09:32
ec2b8ff3-b280-41de-9246-2668307d58a9,decorations.cv,premium,1339.98,8.85,medium,low,11,namesilo,,,28/09/2026 23:03
b2ef9f8f-769d-43f2-87fc-83718f787f9e,virile.cv,premium,80.33,8.85,medium,low,6,namesilo,,,13/09/2026 06:04
e017e154-557e-4526-a7bb-ff27e46d0555,pedigree.cv,available,9.99,9.99,high,low,8,namesilo,,,08/09/2026 13:15
6b7ad90a-ba0a-4ab5-9ef4-45eba2ee5828,gretchen.cv,premium,137.6,8.85,high,low,8,namesilo,,,29/09/2026 09:29
7d5ef5d6-de67-4b78-b16e-7113af20c6f0,hilltop.cv,available,8.03,8.03,high,low,7,porkbun,,,02/10/2026 05:19
4205cef9-2c88-488a-acf9-417b3cc157e3,bassoonist.cv,available,9.99,9.99,medium,low,10,namesilo,,,22/09/2026 12:33
c26d6f95-6ff2-4f2b-8ceb-5dae7d284744,atriplex.cv,available,9.99,9.99,medium,low,8,namesilo,,,21/09/2026 00:45
a062fa39-f442-4f29-b98a-341fd77751de,designed.cv,available,9.99,9.99,high,low,8,namesilo,,,24/09/2026 06:34
193cb88b-d7e1-4c16-b617-46f3f3370f02,baize.cv,premium,269.75,87.75,medium,low,5,namecheap,,,21/09/2026 19:59
1e5f5751-d57e-4978-bea4-b4c60ed755e8,stun.cv,premium,1042.76,69.86,high,low,4,spaceship,,,01/10/2026 22:08
803888e3-9a1e-48a4-93fa-2f574beb3a32,gladiolus.cv,available,4.99,9.99,high,low,9,namesilo,,,19/08/2026 00:06
5a6da3b8-7d14-4fa1-8ff6-a51e38471b42,amelia.cv,premium,139.75,9.75,high,low,6,namecheap,,,18/09/2026 18:15
b5b35069-d831-49bd-9f25-2264bc596b8e,envious.cv,available,9.99,9.99,medium,low,7,namesilo,,,24/09/2026 01:02
43f298c2-a110-45b4-b0c9-7daba73ab2bb,dully.cv,premium,265.6,80.33,low,low,5,namesilo,,,14/09/2026 14:43
0f684197-cc2e-4428-b5d2-adff32e99e77,sudbury.cv,available,7.98,7.98,medium,low,7,spaceship,,,28/09/2026 06:48
2e5ee0c8-44cd-454f-9f9c-14b5404a7cb2,community.cv,premium,649.6,80.33,high,medium,9,namesilo,,,08/09/2026 12:57
c2c39f70-d04d-4ebb-a3f9-5f7e4c684c21,markers.cv,available,9.99,9.99,low,low,7,namesilo,,,29/09/2026 06:04
6e6641aa-c4aa-4277-8b9b-88c127273ae3,warfare.cv,available,9.99,9.99,high,low,7,namesilo,,,30/09/2026 14:38
51adb834-3476-45be-9563-171fe717231d,gearing.cv,available,14.98,14.98,high,low,7,namecheap,,,03/10/2026 00:55
7292d5c5-7f94-4ae5-bc02-5b72137ed3d3,raspy.cv,premium,269.75,87.75,medium,low,5,namecheap,,,20/08/2026 18:31
c594915d-dafc-453a-a3c1-d827aadd291f,smile.cv,premium,265.6,80.33,high,medium,5,namesilo,,,27/09/2026 22:59
2768efc9-98e8-4d01-a702-67f3302b716b,abnegation.cv,available,9.99,9.99,medium,low,10,namesilo,,,16/09/2026 16:16
03213710-b0bd-486c-acc2-0e4f0fe0375e,mattress.cv,available,14.98,14.98,high,low,8,namecheap,,,28/09/2026 19:51
f21efc97-8328-4510-8eff-99cc6241d5d2,unworldly.cv,available,14.98,14.98,medium,low,9,namecheap,,,12/09/2026 20:18
60493edc-46ca-4b19-92ed-435089e66e89,tls.cv,premium,2077.76,69.86,high,low,3,spaceship,,,02/10/2026 00:26
6273079a-8471-40c0-b3e2-8c9f3988f7ea,snug.cv,premium,1309.75,87.75,high,low,4,namecheap,,,12/08/2026 12:11
80075b3f-344b-4bff-a4fa-dfcb71b171c9,babirusa.cv,available,9.99,9.99,medium,low,8,namesilo,,,21/09/2026 12:44
a495df3a-72a1-4038-a799-223aaa1344b5,realms.cv,premium,69.86,7.76,medium,low,6,spaceship,,,01/10/2026 17:43
64a95737-adb1-4424-b337-629c68d1d4cc,gaseous.cv,available,14.98,14.98,medium,low,7,namecheap,,,18/08/2026 20:25
ccf8515f-db20-45b8-b0a0-07e71376207e,whoreson.cv,available,4.99,9.99,low,low,8,namesilo,,,08/08/2026 23:43
08abaf14-dcdc-413d-9e34-55cdbb05f640,roughneck.cv,available,4.99,9.99,medium,low,9,namesilo,,,11/08/2026 08:43
9211fc2a-fa61-4b09-b02f-f8887f922124,roland.cv,premium,111.26,7.76,high,low,6,spaceship,,,28/09/2026 07:46
19f14057-3810-4c41-97ed-69420411e0f4,lint.cv,premium,1339.98,80.33,medium,low,4,namesilo,,,02/10/2026 15:59
8c453f5c-3fbc-4fe9-b1c7-28cae8bc0534,remedial.cv,available,9.99,9.99,high,low,8,namesilo,,,22/09/2026 02:24
1d49698a-b0ff-4ba7-953a-16a5d4102442,spun.cv,premium,1339.98,80.33,medium,low,4,namesilo,,,29/09/2026 15:59
2852f879-fde9-4f10-a569-c157c7dd7898,pit.cv,premium,2770.35,80.33,high,low,3,namesilo,,,24/09/2026 13:22
0316121c-4d36-4dac-9cf7-051c3cd3b56c,goonie.cv,premium,80.33,8.85,medium,low,6,namesilo,,,23/09/2026 23:45
92a8e7ec-3144-401a-94c3-93d3ffce0b90,beatitude.cv,available,14.98,14.98,high,low,9,namecheap,,,22/09/2026 21:40
bda9bd01-2a5e-4ef5-a7fc-d61f52abf372,lively.cv,premium,80.33,8.85,high,medium,6,namesilo,,,23/09/2026 01:27
0f874c45-0aea-4eac-b4d6-016ef14b75ea,munoz.cv,premium,269.75,87.75,medium,low,5,namecheap,,,02/10/2026 20:25
153c9c9f-5a29-41a4-bffa-0da777d71717,redeem.cv,premium,80.33,8.85,high,low,6,namesilo,,,30/09/2026 02:39
977daa98-2dab-4763-863a-515a678bbcb5,prepaid.cv,premium,1309.75,9.75,high,low,7,namecheap,,,09/09/2026 00:39
8aa5a00e-f736-4986-9acb-c0fe13d4dc68,ballistics.cv,available,9.99,9.99,high,low,10,namesilo,,,21/09/2026 22:57
81768bcb-e029-4edf-9c9c-2dd48709d46e,apish.cv,premium,260.8,80.33,medium,low,5,namesilo,,,06/08/2026 00:12
81f48b64-f9aa-4fdd-9a7a-389356af702b,bestiality.cv,available,9.99,9.99,medium,low,10,namesilo,,,23/09/2026 10:39
7282b3c1-d224-4dac-9300-5eeca70257fc,errands.cv,available,9.99,9.99,medium,low,7,namesilo,,,02/10/2026 22:28
39740347-d936-4b26-be69-81e484c2c7e0,judicial.cv,available,4.99,9.99,high,low,8,namesilo,,,22/08/2026 14:14
cae24946-7833-4ec2-a489-7456af4790cd,filesize.cv,available,9.99,9.99,medium,low,9,namesilo,,,
a45e8c37-17f6-4dfa-9590-2dbd0af31c38,stellar.cv,premium,137.6,80.33,high,medium,7,namesilo,,,22/09/2026 10:32
bfb146bc-1a46-4234-b985-d1bbf79ef31a,ordering.cv,available,9.99,9.99,high,low,8,namesilo,,,27/09/2026 15:05
aaaf23b0-2970-43da-a387-3a49956ebf77,tepid.cv,premium,260.8,80.33,medium,low,5,namesilo,,,20/08/2026 22:41
dc43f3f1-f87c-4d4c-9a6b-6ac7cbadd386,rakes.cv,premium,265.6,80.33,medium,low,5,namesilo,,,20/09/2026 22:29
2b34c039-ccb6-410f-824b-356ab5258bf6,grouse.cv,premium,80.33,8.85,high,low,6,namesilo,,,23/09/2026 00:24
f8c1cfab-2ea1-4e14-8f5b-38c28c4a5beb,ionised.cv,available,4.99,9.99,medium,low,7,namesilo,,,22/08/2026 09:33
53276541-0d99-421f-a5f8-1c0580bb5f73,undercover.cv,available,9.99,9.99,medium,low,10,namesilo,,,02/10/2026 11:28
f336e9dd-c8cf-4661-b939-90af1896c186,ties.cv,premium,1339.98,80.33,medium,low,4,namesilo,,,17/09/2026 21:46
a261044a-9169-41f4-aec1-5b9d8bbd35b1,helsinki.cv,premium,111.26,69.86,high,low,8,spaceship,,,30/09/2026 16:35
fd1445fa-1c6e-4be3-98e0-a80084ba4f56,leased.cv,premium,75.86,8.85,high,low,6,namesilo,,,12/08/2026 02:50
c8d86d4c-3097-41b5-9f1d-f8e970c0dc1c,lawsuits.cv,available,7.98,7.98,medium,low,8,spaceship,,,29/09/2026 11:39
85e88c9a-ac1b-4b26-8e98-a6a7c73af35f,adman.cv,premium,265.6,80.33,high,low,5,namesilo,,,17/09/2026 08:40
aba057df-3cd9-4b13-845b-d564339cb3e5,immediate.cv,available,9.99,9.99,high,low,9,namesilo,,,23/09/2026 22:04
3fbf6474-2823-486f-b65b-201dd2041a78,afternoons.cv,available,9.99,9.99,medium,low,10,namesilo,,,29/09/2026 10:29
799a0167-253c-4530-b837-36c09c348fc1,learned.cv,premium,111.26,7.76,high,low,7,spaceship,,,30/09/2026 19:33
fb2ebb71-4b42-4756-bb18-04a4a496e2c2,ketonemia.cv,available,9.99,9.99,medium,low,9,namesilo,,,17/09/2026 00:10
e95bcfbf-9411-4070-a28e-899fe9a698f4,unison.cv,premium,80.33,8.85,high,low,6,namesilo,,,02/10/2026 06:36
a73754ce-d589-435e-a208-78c5f7c547ad,emg.cv,premium,2208.25,74.25,high,low,3,dynadot,,,02/10/2026 04:42
7d18d891-c671-4029-9694-08d68bfcae74,musty.cv,premium,260.8,80.33,medium,low,5,namesilo,,,18/08/2026 16:44
b2dfdf76-a5ec-4199-99be-44e38833188a,soul.cv,premium,1339.98,80.33,high,medium,4,namesilo,,,25/09/2026 09:19
7d8604e7-cfa7-4b49-89da-71f36eba7fdb,arda.cv,premium,1339.98,80.33,high,low,4,namesilo,,,17/09/2026 10:27
0316d5d8-f61f-491a-872c-d0a617ddbc60,compression.cv,available,9.99,9.99,medium,low,11,namesilo,,,29/09/2026 04:39
d781972a-ac5d-42af-9637-c460702033ce,clunky.cv,premium,75.86,8.85,medium,low,6,namesilo,,,12/08/2026 13:08
2580d545-2ba9-478d-a707-63a3c450d89b,moody.cv,premium,260.8,80.33,high,low,5,namesilo,,,20/08/2026 14:59
473dc4ee-d6c2-456c-b7b0-de2ca3e08a1a,elizabethtown.cv,available,7.98,7.98,medium,low,13,spaceship,,,01/10/2026 12:15
299798fc-6597-4122-9074-fc1f2dd6c5b6,infinite.cv,premium,1309.75,9.75,high,medium,8,namecheap,,,13/08/2026 03:37
d745a736-93f9-4f6c-9242-8350dba480a5,sayonara.cv,available,9.99,9.99,high,low,8,namesilo,,,17/09/2026 08:15
4b29a19e-ddf6-4c32-8af8-16c63d8d2d50,amendment.cv,available,14.98,14.98,high,low,9,namecheap,,,18/09/2026 18:38
a76afcc0-5bbb-41dd-8a32-97e9c917cf9a,divas.cv,premium,265.6,80.33,medium,low,5,namesilo,,,20/09/2026 06:21
6eb9df79-e709-474b-b928-6a5e5de47792,impersonal.cv,available,4.99,9.99,medium,low,10,namesilo,,,21/08/2026 22:13
044c7a9a-2f63-4304-b525-bc257bc121de,repand.cv,premium,80.33,8.85,medium,low,6,namesilo,,,09/09/2026 14:25
05aeb733-5805-497a-a25a-a66bad46c993,lifting.cv,available,7.98,7.98,high,low,7,spaceship,,,28/09/2026 04:32
cd01252d-89a7-4207-bfc0-d131451f199d,merits.cv,premium,80.33,8.85,medium,low,6,namesilo,,,29/09/2026 16:29
149ddd30-7297-418d-a453-b5725a852899,node.cv,premium,2077.76,69.86,high,medium,4,spaceship,,,03/10/2026 01:28
2c3aab4d-a7c7-4930-9b54-3b6e001e9e5e,packets.cv,available,14.98,14.98,medium,low,7,namecheap,,,20/09/2026 14:11
8710d660-a3d1-4df7-8d49-55226a535235,lesion.cv,premium,80.33,8.85,medium,low,6,namesilo,,,13/09/2026 13:28
ef76f4e1-892e-41a9-8fe9-5eb447a454c0,electrode.cv,available,9.75,9.75,high,low,9,dynadot,,,01/10/2026 19:23
a20f69a7-e31b-42e2-ba5a-d014b5b004e3,overall.cv,available,14.98,14.98,high,low,7,namecheap,,,26/09/2026 03:25
0f3685f7-5bbb-458f-a964-0025dc1d7a28,entry.cv,premium,265.6,80.33,high,low,5,namesilo,,,08/09/2026 09:43
e067ebca-336b-42a5-9f5a-7837937d18da,mediation.cv,premium,1108.25,9.75,high,low,9,dynadot,,,30/09/2026 02:01
e5b1bb67-4eee-4931-9007-a79f87c1911b,dreamily.cv,available,9.99,9.99,medium,low,8,namesilo,,,14/09/2026 14:15
49c74536-f942-46c5-a757-6eba88e1220e,rebuilding.cv,available,7.98,7.98,high,low,10,spaceship,,,29/09/2026 20:09
4a3cb269-c427-401b-8910-25d4268e5b8c,frontenac.cv,available,9.99,9.99,medium,low,9,namesilo,,,02/10/2026 00:51
211af479-43fb-4d12-8d66-0aaccbe1971f,planned.cv,available,9.99,9.99,high,low,7,namesilo,,,21/09/2026 22:06
ac8ba388-790c-4e37-82c4-c525a0a77b77,mehmed.cv,premium,74.25,9.75,medium,low,6,dynadot,,,30/09/2026 21:00
8dcb94c2-0f89-497d-9ae4-e759038c1df1,windswept.cv,available,9.99,9.99,medium,low,9,namesilo,,,13/09/2026 12:16
ee0cb790-9f7f-4521-9176-aea7eb918961,starlit.cv,available,14.98,14.98,medium,low,7,namecheap,,,10/09/2026 18:56
5a4a4bf6-39ee-4175-b81e-24356179598e,grand.cv,premium,265.6,80.33,high,low,5,namesilo,,,21/09/2026 11:05
47864ec9-1ab4-4fa0-b197-1382cc8ac4e2,interred.cv,available,4.99,9.99,medium,low,8,namesilo,,,11/08/2026 10:36
8cdc91c6-93c6-4fd4-9935-6231fa5c52ea,proteins.cv,available,9.99,9.99,medium,low,8,namesilo,,,08/09/2026 07:13
4ae94446-68f0-46af-80a1-851ca29f0d49,sibelius.cv,available,9.99,9.99,high,low,8,namesilo,,,02/10/2026 05:29
560e4e94-47e7-46c3-abb9-35c55a6ff7b5,skag.cv,premium,1339.98,80.33,medium,low,4,namesilo,,,23/09/2026 14:39
772983d1-9d38-4340-aea2-03438de7b0e4,theorise.cv,available,9.99,9.99,high,low,8,namesilo,,,24/09/2026 17:20
1ab5d68e-f91c-4116-9b9f-e815b084b220,smarter.cv,resell,,,high,low,7,,,,29/09/2026 10:30
38264696-ca63-4d4d-9c00-1329e31e9e7a,accountable.cv,available,9.99,9.99,high,low,11,namesilo,,,29/09/2026 08:24
df595ca7-4228-443f-bee1-d68cedfeede0,wished.cv,premium,87.75,9.75,medium,low,6,namecheap,,,17/09/2026 18:39
63bfb68a-5f2b-4457-8fb3-df84142386ea,abetment.cv,available,14.98,14.98,medium,low,8,namecheap,,,16/09/2026 15:17
cc5d67ec-9802-4850-b422-25b47b66b329,sinaloa.cv,available,14.98,14.98,medium,low,7,namecheap,,,30/09/2026 05:06
3960f299-1064-4505-89c5-e65a8cb83385,puppyish.cv,available,9.99,9.99,high,medium,8,namesilo,,,09/09/2026 06:09
a43a3e8b-317b-43de-9f3d-085fd37dbd89,anorgasmia.cv,available,9.99,9.99,medium,low,10,namesilo,,,19/09/2026 11:47
cb199c5d-e92e-45ce-ac51-b4130c674f12,showery.cv,available,9.99,9.99,high,medium,7,namesilo,,,09/09/2026 09:50
90b3fc53-7758-4bc8-80b2-bc6a6cc81e7b,wells.cv,premium,269.75,87.75,high,low,5,namecheap,,,27/09/2026 04:19
1c422c31-6221-4c9e-b807-233ae58b93b5,protozoan.cv,available,9.99,9.99,medium,low,9,namesilo,,,09/09/2026 04:12
1254f7d0-5df0-4127-842e-08cc763d8abc,monarch.cv,premium,137.6,8.85,high,medium,7,namesilo,,,10/09/2026 14:59
2bb95c28-b897-4ea0-b08b-f75fd506a280,ataraxic.cv,available,4.99,9.99,low,low,8,namesilo,,,07/08/2026 12:49
e71424ae-39b4-4db8-bb71-d60d2f7d93ae,pastel.cv,premium,80.33,17.7,high,low,6,namesilo,,,08/09/2026 10:04
6efd6b7c-4b8f-44b2-b7a1-bd3ee171cb42,tcr.cv,premium,2770.35,80.33,high,low,3,namesilo,,,30/09/2026 05:05
4afa7924-60da-487e-9857-42b8b6e90d6c,albatross.cv,available,9.99,9.99,high,low,9,namesilo,,,18/09/2026 02:28
7eb7f2d5-de42-4518-b0ac-ecae9464706d,dowd.cv,premium,1100.15,74,medium,low,4,porkbun,,,02/10/2026 07:57
c406375e-65d3-4633-abf2-f81a5f799887,gloomy.cv,premium,75.86,8.85,medium,low,6,namesilo,,,14/08/2026 11:40
3d14ca5b-aa54-448f-a55c-7fa0f29a34e3,mobs.cv,premium,1339.98,80.33,medium,low,4,namesilo,,,18/09/2026 05:11
6991d7c7-234f-4f3b-81a1-895dfeb46695,timing.cv,premium,80.33,8.85,high,low,6,namesilo,,,27/09/2026 05:40
eef1d2b8-3621-458b-b3f9-e3023e068fe5,plough.cv,premium,80.33,8.85,medium,low,6,namesilo,,,23/09/2026 14:29
396b0452-99f0-44b1-b631-9859c5a6d541,outlined.cv,available,4.99,9.99,high,low,8,namesilo,,,04/09/2026 19:31
873d5d9a-5b80-46e6-99a5-b20f2f2d9403,prodigal.cv,available,9.99,9.99,high,low,8,namesilo,,,09/09/2026 02:36
7f3d8379-37bd-4f26-9597-34449c78039c,contestant.cv,available,4.99,9.99,medium,low,10,namesilo,,,14/08/2026 12:45
3fb620f9-1c13-46ba-9d43-bd34244b6b66,typefaces.cv,available,9.99,9.99,medium,low,9,namesilo,,,02/10/2026 13:50
5d5405bf-5087-40da-9ed2-75a6b31b5ee2,polychrome.cv,available,9.99,9.99,high,low,10,namesilo,,,08/09/2026 23:11
34b8802e-320a-474c-893c-20ae9ffdd219,lanes.cv,premium,269.75,87.75,medium,low,5,namecheap,,,29/09/2026 10:32
ad55dbc3-e4db-4095-96e9-f624742dc6a1,unloosen.cv,available,4.99,9.99,medium,low,8,namesilo,,,18/08/2026 14:36
dedef35d-e019-41d3-adaa-8e0ef662f0bd,irascible.cv,available,4.99,9.99,medium,low,9,namesilo,,,21/08/2026 14:18
762df38d-77a5-4820-9c0a-ccee0c6f671c,bellyache.cv,available,9.99,9.99,medium,low,9,namesilo,,,23/09/2026 00:26
6420625b-0a49-46b2-9de8-8b384fe8d4d6,designing.cv,available,4.99,9.99,high,low,9,namesilo,,,14/08/2026 03:45
6726eef1-9d2a-42df-b53c-6b1fc6691985,pepe.cv,premium,1042.76,69.86,high,low,4,spaceship,,,29/09/2026 21:35
cbad1f70-f267-4773-bf3e-21b889184812,yukon.cv,premium,265.6,80.33,high,low,5,namesilo,,,01/10/2026 22:06
6c11eb35-8720-401f-b6e5-a996ab3b9265,beside.cv,premium,137.6,8.85,high,low,6,namesilo,,,01/10/2026 03:19
40f60984-ccfe-4f48-804e-6af10c97642b,critics.cv,available,14.98,14.98,low,low,7,namecheap,,,28/09/2026 18:02
f2b91e6a-659b-4cbc-bb62-ba9e1d12f498,gray.cv,premium,1339.98,80.33,high,low,4,namesilo,,,24/09/2026 22:57
91fd2855-f026-4f76-85bb-80804d786e80,structure.cv,available,7.98,7.98,high,low,9,spaceship,,,30/09/2026 21:12
71e6232b-6e83-4a22-b84c-ecb55d3180d0,distinctive.cv,available,8.03,8.03,high,low,11,porkbun,,,28/09/2026 20:58
2cf37381-4272-45c1-bf4a-a4a39451414f,abnormal.cv,available,9.99,9.99,high,low,8,namesilo,,,21/09/2026 14:04
e5498cfb-cadd-4774-ad68-7023274aec8f,corporation.cv,premium,1042.76,7.76,high,low,11,spaceship,,,27/09/2026 16:41
c8ff4e60-8f34-42c0-b0c9-f00da3adf6d8,smokey.cv,premium,111.26,7.76,high,low,6,spaceship,,,02/10/2026 19:03
3032c283-1ffa-4bec-b9bd-c68ff69c4d3f,greater.cv,premium,139.75,9.75,high,low,7,namecheap,,,20/08/2026 19:38
2467731c-6edd-4bf0-a4c6-367194c3e6e4,alcea.cv,premium,265.6,80.33,medium,low,5,namesilo,,,18/09/2026 03:52
13eaede4-6d54-4610-80a0-3037dc923694,debate.cv,premium,137.6,8.85,high,low,6,namesilo,,,24/09/2026 05:29
aaf900ba-c000-4150-97d3-7840c3e3e0db,armorial.cv,available,4.99,9.99,medium,low,8,namesilo,,,06/08/2026 20:15
8ff0d396-c874-4d84-9a3e-282ef1a40918,kew.cv,premium,2770.35,80.33,high,low,3,namesilo,,,28/09/2026 11:39
34e374de-d7c4-470e-8103-5fcab92501fe,tunes.cv,premium,214.76,69.86,medium,low,5,spaceship,,,28/09/2026 18:03
6c6d2d7d-bc31-4f25-bcbf-b2adc183dadf,alma.cv,premium,1042.76,69.86,high,medium,4,spaceship,,,01/10/2026 07:51
5c09e130-92c9-45f2-9160-d99ecb14646b,baseball.cv,premium,1042.76,7.76,high,low,8,spaceship,,,02/10/2026 01:29
6467999b-f54a-4769-8631-2f0ce08812c0,manuscript.cv,available,9.99,9.99,high,low,10,namesilo,,,28/09/2026 10:05
3250654d-fd7e-4412-90e7-d5bbd951667d,acinar.cv,premium,80.33,8.85,medium,low,6,namesilo,,,
ed9c5c27-360c-4aad-bc63-6fc6d28f9916,backspin.cv,available,9.99,9.99,high,low,8,namesilo,,,21/09/2026 16:02
aa6537c4-b7c3-42bb-b470-a396ca99b6af,beads.cv,premium,269.75,87.75,high,low,5,namecheap,,,29/09/2026 01:39
718524fb-5565-4b5a-8ef0-7184059a0619,seo.cv,premium,2770.35,80.33,high,medium,3,namesilo,,,28/09/2026 17:30
9218c661-43ea-40b5-94c0-4495d6d6ba7c,macleish.cv,premium,137.6,8.85,medium,low,8,namesilo,,,20/09/2026 02:03
13e4241c-a9ed-4fd1-b8d3-b17e856f971f,chu.cv,premium,2770.35,80.33,medium,low,3,namesilo,,,25/09/2026 12:27
fcc02c63-38e3-4dc2-bd56-9996162bd5c2,praising.cv,available,14.98,14.98,high,low,8,namecheap,,,22/08/2026 20:53
3a45013a-bc4f-4f6d-a3d0-616bb19393da,lexically.cv,available,9.99,9.99,medium,low,9,namesilo,,,15/09/2026 11:16
57151ad5-c031-4a42-97bc-17148edf4f8d,immobile.cv,available,14.98,14.98,medium,low,8,namecheap,,,21/08/2026 21:05
ffaaacee-9d43-4b95-96fa-d4dcd010dd2b,stockton.cv,premium,137.6,80.33,high,low,8,namesilo,,,25/09/2026 06:10
41234300-819e-42f0-8984-67e1297a86ba,nero.cv,premium,1339.98,80.33,high,low,4,namesilo,,,25/09/2026 23:29
25fcec2d-010b-42ad-b661-93b4d0df6d39,equivalence.cv,available,7.98,7.98,medium,low,11,spaceship,,,28/09/2026 21:10
a092161b-2aa6-46bc-8c94-612859c3f356,metaphysical.cv,available,9.99,9.99,medium,low,12,namesilo,,,02/10/2026 01:18
2f1979f3-b97a-4188-ba0d-3ee83efc46b9,bandit.cv,premium,137.6,8.85,high,low,6,namesilo,,,22/09/2026 01:19
6f87e1f7-c068-4ca4-a591-ae8741b3ba86,ouachita.cv,available,9.99,9.99,medium,low,8,namesilo,,,30/09/2026 10:40
23a0e792-4060-4880-873d-9001cacce4d4,matrimony.cv,premium,1042.76,7.76,high,low,9,spaceship,,,01/10/2026 20:29
26e76632-8a8d-409e-8ab5-761fd655abb8,childbirth.cv,available,4.99,9.99,high,low,10,namesilo,,,12/08/2026 05:00
769d9ab9-3864-46d9-bcd2-919e5fe1b2e8,debris.cv,premium,87.75,9.75,medium,low,6,namecheap,,,28/09/2026 18:54
8a1e2318-8cf8-4263-983f-a06948d34e4f,disadvantaged.cv,available,9.99,9.99,medium,low,13,namesilo,,,01/10/2026 06:23
a11ec577-fa79-4b5e-ad12-bbf1018c0d48,generic.cv,premium,139.75,9.75,high,low,7,namecheap,,,02/10/2026 11:16
7909823f-b237-4b7c-99ca-40b15e91c26a,struck.cv,premium,80.33,8.85,medium,low,6,namesilo,,,10/09/2026 11:50
a0bc8355-554f-429c-bf60-b40957eb6093,maternity.cv,available,7.98,7.98,high,low,9,spaceship,,,28/09/2026 19:52
bce20103-9da5-4e98-bb9f-c3ae6fa4c5a2,asturias.cv,premium,117.66,8.5,high,low,8,porkbun,,,29/09/2026 15:34
25a7973b-46e1-4962-bc9d-65f5ec648420,tare.cv,premium,1309.75,87.75,high,low,4,namecheap,,,22/09/2026 21:12
49f8133a-f84e-48c0-b4e6-0e9d9c207837,papers.cv,premium,1339.98,8.85,high,low,6,namesilo,,,24/09/2026 23:21
cfaba08c-19bf-4fd2-94b9-992672a24d45,wimpy.cv,premium,265.6,80.33,medium,low,5,namesilo,,,13/09/2026 12:06
9df10fe6-7ff5-4961-a15c-ff8cfb7fff60,amazona.cv,available,14.98,14.98,medium,low,7,namecheap,,,18/09/2026 16:23
8a66d912-eb4e-45de-9b0f-7ce5a9ae136d,pedagogy.cv,available,7.98,7.98,high,low,8,spaceship,,,03/10/2026 00:29
25a92e02-00dd-4abd-b8ca-512e34f182e1,whose.cv,premium,228.25,74.25,high,low,5,dynadot,,,30/09/2026 22:25
7f7c4fc0-13c4-4f30-83b6-4ba69e0d31ae,grub.cv,premium,1309.75,87.75,high,low,4,namecheap,,,11/08/2026 09:30
599e920d-29f1-4598-8ecc-9412bd3c11b9,jedi.cv,premium,1108.25,74.25,high,low,4,dynadot,,,30/09/2026 15:01
21cfea4f-974e-490a-bc88-ab2a50117a53,grapefruit.cv,available,9.99,9.99,high,low,10,namesilo,,,24/09/2026 15:09
67465d70-da4e-4fa1-8735-05949157c401,clem.cv,premium,1339.98,80.33,medium,low,4,namesilo,,,01/10/2026 22:57
abe78b93-73fd-41da-bd6a-f934d0c5319a,clicks.cv,premium,1042.76,7.76,medium,low,6,spaceship,,,01/10/2026 00:04
bdce491d-8571-4b8e-995a-5c09de043e59,mama.cv,premium,1042.76,69.86,high,low,4,spaceship,,,28/09/2026 06:17
af4284be-bf06-444e-830a-96d604de5dcb,husayn.cv,premium,69.86,7.76,medium,low,6,spaceship,,,30/09/2026 10:12
aa04f018-e5fe-4c85-ae59-334903edc22f,manually.cv,available,9.99,9.99,medium,low,8,namesilo,,,15/09/2026 13:27
1b99e7d0-5d07-4c23-9642-b6efc98773a3,maverick.cv,premium,132.8,8.85,high,low,8,namesilo,,,24/08/2026 17:42
3a6aa04f-be7e-4d46-9d0f-f0bf254fae79,spunky.cv,premium,75.86,8.85,high,low,6,namesilo,,,18/08/2026 00:49
9fb9be7a-522e-4479-9fee-5018986c8c63,martyn.cv,premium,80.33,8.85,medium,low,6,namesilo,,,29/09/2026 09:11
ea44f8f4-9eb7-4a29-bdef-7a781707e788,saba.cv,premium,1339.98,80.33,high,low,4,namesilo,,,29/09/2026 02:04
31fe0bb9-f847-4026-8a55-55faeacb3004,psycho.cv,premium,80.33,8.85,high,low,6,namesilo,,,27/09/2026 07:59
229b4a10-f8e6-48ba-8e22-092bb6039f34,motivate.cv,available,9.99,9.99,high,low,8,namesilo,,,27/09/2026 07:34
fe0b6c2d-07a2-4eee-8ce1-1fa29f1eb692,womanhood.cv,available,7.98,7.98,high,low,9,spaceship,,,02/10/2026 15:03
f86b151e-103b-49e6-9f34-3d2da16aedd3,counter.cv,premium,1108.25,9.75,high,low,7,dynadot,,,01/10/2026 17:51
fa0810f0-6076-4895-b56c-e621ec6c74f3,quoting.cv,available,7.98,7.98,high,low,7,spaceship,,,29/09/2026 21:25
33514d34-41b0-46e3-a9d1-27dd4d86fdfd,ternion.cv,available,,,medium,low,7,,,,
892aff28-e3ff-487f-af37-c4721a457170,mci.cv,premium,2770.35,80.33,high,low,3,namesilo,,,29/09/2026 15:50
98cdc9b4-0c59-4643-beb9-d0fe18bcee4c,greeley.cv,available,7.98,7.98,medium,low,7,spaceship,,,28/09/2026 14:21
17c0c191-b494-40ad-a5f1-b6112c08d642,cerebral.cv,available,4.99,9.99,high,low,8,namesilo,,,12/08/2026 00:30
6df1244c-ab89-4542-9afe-05b484361489,thrash.cv,premium,80.33,8.85,medium,low,6,namesilo,,,03/10/2026 00:45
225fdd7a-a11d-410d-a5d4-03a0712adabb,nonviable.cv,available,14.98,14.98,medium,low,9,namecheap,,,03/09/2026 21:02
5a0d3571-9fc4-4cba-87fb-580672ffca14,searching.cv,premium,137.6,8.85,high,low,9,namesilo,,,25/09/2026 09:44
db0e104d-f8d5-4e1e-97e3-7eb165b05385,enliven.cv,available,9.99,9.99,high,low,7,namesilo,,,22/09/2026 04:56
10f566ae-bb44-4676-8e2b-083d838f20e8,cliffs.cv,premium,69.86,7.76,high,low,6,spaceship,,,29/09/2026 11:04
fcfb9fda-350c-4992-9b13-1c5a29b21801,nexus.cv,premium,214.76,69.86,high,medium,5,spaceship,,,02/10/2026 15:58
429078db-c199-41c4-b00a-a05f677bab7f,pads.cv,premium,1339.98,80.33,high,low,4,namesilo,,,20/09/2026 10:38
96f413fc-511a-40ea-acb8-b6750d297e52,shouting.cv,available,4.99,9.99,medium,low,8,namesilo,,,12/08/2026 03:49
c205a93f-714a-4a9d-abc9-9b635dbd8d38,null.cv,premium,1309.75,87.75,high,medium,4,namecheap,,,03/09/2026 22:27
0b9438e0-f157-4b98-a92a-46fe6ff9dcdb,yosef.cv,premium,214.76,69.86,medium,low,5,spaceship,,,30/09/2026 22:02
65989ed1-bf1b-4b5c-b91f-5869bbd19d9f,abettor.cv,available,9.99,9.99,medium,low,7,namesilo,,,16/09/2026 15:19
8639e941-1250-4a70-aab1-8d4ce9cae466,nia.cv,premium,2609.75,87.75,high,low,3,namecheap,,,29/09/2026 20:55
d4211ebd-4363-4cca-9f63-5a9a110e2171,aust.cv,premium,1309.75,87.75,high,low,4,namecheap,,,02/10/2026 08:35
fa1e3373-343b-4f74-b4c4-9c2ad15cb7ad,combustion.cv,available,4.99,9.99,high,low,10,namesilo,,,11/08/2026 10:57
9238c395-0e38-4841-afeb-844b9142b7fd,commencing.cv,available,9.99,9.99,medium,low,10,namesilo,,,30/09/2026 06:14
1865ea2e-dc48-4768-bd76-6237efee0ef1,confuse.cv,available,9.99,9.99,high,low,7,namesilo,,,30/09/2026 15:38
070b351c-d9ef-4a8e-a387-f3567273d48b,palish.cv,premium,75.86,8.85,medium,low,6,namesilo,,,04/09/2026 23:41
59285a50-70b1-4576-875e-ae0ee09150f5,juniper.cv,premium,111.26,7.76,high,low,7,spaceship,,,03/10/2026 00:55
70f8e55e-89cd-413c-9e03-179c764d5c65,marguerite.cv,available,14.98,14.98,high,low,10,namecheap,,,20/09/2026 04:58
950fe027-6601-495c-9455-cfc8ca70a02d,carrying.cv,premium,659.75,87.75,high,low,8,namecheap,,,01/10/2026 19:14
cf7aa3f4-77da-4319-8aed-c6800eee6e79,monitory.cv,available,9.99,9.99,medium,low,8,namesilo,,,
19fd8273-9b72-4c24-9c19-f559bfca26f3,granddad.cv,available,7.98,7.98,high,low,8,spaceship,,,29/09/2026 21:09
ddee6a79-8e21-4615-a698-f6951711c8a0,half.cv,premium,1309.75,87.75,high,low,4,namecheap,,,24/09/2026 23:16
f9e83486-bb76-4044-8531-b8a348ed06f9,concussion.cv,available,9.99,9.99,high,low,10,namesilo,,,29/09/2026 10:35
f24947ca-b032-49d1-8ebc-8359018e48af,men.cv,premium,2208.25,74.25,high,low,3,dynadot,,,30/09/2026 03:48
c5bcc353-e8f9-4848-8db0-4b2303513a7b,grover.cv,premium,137.6,8.85,medium,low,6,namesilo,,,29/09/2026 09:39
aa99147c-bdd0-40d7-8015-29160ae995e6,apostle.cv,available,14.98,14.98,high,low,7,namecheap,,,19/09/2026 19:18
eeb8bea4-f114-432f-a5fd-dfa2e1eae791,grumbler.cv,available,9.99,9.99,medium,low,8,namesilo,,,23/09/2026 06:49
cf3ddb83-ceb0-44c1-b5a3-43c1e943e12f,bsarch.cv,premium,80.33,8.85,medium,low,6,namesilo,,,21/09/2026 14:16
4c6f90e3-db57-4270-a1ca-46c535612478,partial.cv,premium,1309.75,9.75,high,low,7,namecheap,,,08/09/2026 02:01
087b8adf-9458-4e33-a5c5-d92e3e3ff908,underestimate.cv,available,8.03,8.03,high,low,13,porkbun,,,01/10/2026 06:11
a2a288c0-7c3a-4be8-81e1-c019d7cdd94f,activism.cv,available,9.99,9.99,high,low,8,namesilo,,,17/09/2026 05:15
29545b8e-0f8e-4c5b-b598-af743d05b79b,gasoline.cv,available,9.99,9.99,high,low,8,namesilo,,,27/09/2026 13:38
b1169864-30b2-4fba-a9a4-c64bad0fb6ae,bia.cv,premium,2770.35,80.33,medium,low,3,namesilo,,,28/09/2026 21:49
b8fc684f-73ca-4aa3-9f77-7e3530a0d429,offence.cv,available,4.99,9.99,medium,low,7,namesilo,,,04/09/2026 01:34
34958111-7d40-4d00-83f3-5adfcddb934e,arenaria.cv,available,9.99,9.99,medium,low,8,namesilo,,,20/09/2026 03:39
df63b6c9-0899-4ca6-a8e6-2f15e4f4879e,dimensional.cv,available,7.98,7.98,high,low,11,spaceship,,,30/09/2026 03:41
5036040e-4d5b-46de-9e76-a50f00d14d2d,katy.cv,premium,1042.76,69.86,high,low,4,spaceship,,,01/10/2026 22:40
7ea72a8b-593a-4a2e-b7c2-3115f34ac8b6,ppa.cv,premium,2191.81,74,high,low,3,porkbun,,,03/10/2026 04:17
da911ad1-e7df-4b6c-9858-51e1fc31bf59,plastered.cv,available,4.99,9.99,medium,low,9,namesilo,,,09/08/2026 15:43
7b6511b6-31ad-428d-a77e-bd2050dffc40,hindustani.cv,available,4.99,9.99,medium,low,10,namesilo,,,21/08/2026 09:35
915acd67-8afa-4199-b8d1-9fd13c2a17f1,austerlitz.cv,available,9.99,9.99,medium,low,10,namesilo,,,21/09/2026 04:41
a077df03-854e-4b06-bed6-6ea7f4364fd9,garcia.cv,premium,139.75,9.75,high,low,6,namecheap,,,25/09/2026 20:50
e84db707-1cc4-49ff-aeae-a29cd3db91b1,chios.cv,premium,265.6,80.33,medium,low,5,namesilo,,,02/10/2026 23:59
1dab3eda-7f58-44c7-a7d3-4974f6fc2011,surfactants.cv,available,7.98,7.98,medium,low,11,spaceship,,,02/10/2026 03:49
1cb577f2-3364-4d59-a200-2d5bbb25d12c,readably.cv,available,9.99,9.99,medium,low,8,namesilo,,,14/09/2026 11:08
f5f95a66-5c0b-4b2d-affd-bd6ebf8a1ccd,orpine.cv,premium,75.86,8.85,medium,low,6,namesilo,,,24/08/2026 07:58
904791c8-ab4b-41e4-8675-a66561f99c26,alcahest.cv,available,9.99,9.99,medium,low,8,namesilo,,,18/09/2026 03:43
0f2160be-8a54-4c0d-83b0-7029d40a9cbe,embarrass.cv,available,8.03,8.03,medium,low,9,porkbun,,,29/09/2026 11:42
e0fc1eba-9bcc-413f-a391-92146dfff5b5,diapers.cv,premium,1108.25,9.75,medium,low,7,dynadot,,,02/10/2026 02:13
ca21df22-30e9-48a0-bc42-17b41a2ec318,attached.cv,resell,,,high,low,8,ola.cv,12/02/2026 15:33,12/02/2027 15:33,26/09/2026 04:07
fbd7cb77-f982-4960-873f-a6d28df0b2e1,atlanta.cv,premium,139.75,87.75,high,low,7,namecheap,,,20/09/2026 21:31
2344a629-34f7-4c37-93be-7c5747ca7028,jiang.cv,premium,265.6,80.33,high,low,5,namesilo,,,27/09/2026 08:14
7139d906-527f-42f5-aabd-39d0e4c8c1e0,troupe.cv,premium,69.86,7.76,high,low,6,spaceship,,,02/10/2026 06:34
ac20a438-141e-49cb-9ebf-1cbc0de8cd89,affiliated.cv,available,9.99,9.99,high,low,10,namesilo,,,
b32e3f03-545e-4fa3-95b7-e7196eef5b21,dogsit.cv,premium,94.5,10.5,high,low,6,namecheap,,,
14b7000f-5506-4c77-8b40-a1a825df6db8,injuries.cv,premium,1339.98,8.85,low,low,8,namesilo,,,27/09/2026 21:38
18d9a6d0-5337-4c21-8e0e-f302a5529c2c,stalled.cv,available,9.99,9.99,medium,low,7,namesilo,,,20/09/2026 17:27
995ad19d-9bf1-48ca-bc4f-07edb8907cae,potbound.cv,available,9.99,9.99,medium,low,8,namesilo,,,09/09/2026 00:44
bb49b408-94e1-4c03-885e-e9f7fcb40c07,arson.cv,premium,265.6,80.33,high,low,5,namesilo,,,20/09/2026 09:43
812bc0b4-33ea-4fef-9e83-7127a97b9df1,gruesome.cv,available,4.99,9.99,medium,low,8,namesilo,,,18/08/2026 23:17
e65149de-f65f-4581-81ba-d0ee39c3e2af,mela.cv,premium,1042.76,69.86,high,low,4,spaceship,,,01/10/2026 22:20
19bf10ff-deda-4b2c-8f18-548ac3056294,feared.cv,premium,80.33,8.85,medium,low,6,namesilo,,,28/09/2026 11:28
0055a08e-b07b-49d6-9e64-81da006f96f7,expedition.cv,available,7.98,7.98,high,low,10,spaceship,,,29/09/2026 18:24
a0d2956e-d4fe-4f79-ac60-b4f719905fac,collapse.cv,premium,554.33,74,high,low,8,porkbun,,,27/09/2026 12:20
dd7af8e4-dc54-4a6c-9182-0bd007c18104,tokugawa.cv,available,7.98,7.98,low,low,8,spaceship,,,28/09/2026 09:08
58a4d074-0615-4a2a-9204-541ddca0d26d,safety.cv,premium,137.6,8.85,high,low,6,namesilo,,,08/09/2026 08:04
20b517bd-a43d-4091-a596-3e0210ad4608,gust.cv,premium,1339.98,80.33,high,low,4,namesilo,,,02/10/2026 15:37
d5d6a124-c2ea-4208-b4ee-0a888f63f931,inez.cv,premium,1309.75,87.75,medium,low,4,namecheap,,,30/09/2026 05:00
a65c080d-7f94-46f4-8971-4d3ccf73f545,brentford.cv,available,9.99,9.99,medium,low,9,namesilo,,,30/09/2026 13:52
576be847-cb02-4041-a557-c534f795e5f8,selenium.cv,available,9.99,9.99,medium,low,8,namesilo,,,20/09/2026 22:53
58f0cf07-ed79-422a-ab22-9510f5189fde,sweeping.cv,available,9.99,9.99,high,low,8,namesilo,,,11/09/2026 05:31
9cdbe49a-3836-49fd-bd2c-6092465e5ee7,xcl.cv,available,,,medium,low,3,,,,
7585c96e-4e96-44d2-8313-f0a1818d899e,gia.cv,premium,2770.35,80.33,high,low,3,namesilo,,,20/09/2026 06:34
842a975c-12d2-4433-9864-8da9df533e89,vendable.cv,available,14.98,14.98,high,low,8,namecheap,,,24/08/2026 20:30
7a635ee5-a671-43c8-bd55-83bd8e15e9a0,respondent.cv,available,9.99,9.99,high,low,10,namesilo,,,22/09/2026 05:39
0c6c778d-49a8-4095-9229-869957fc4e9d,antigone.cv,available,9.99,9.99,medium,low,8,namesilo,,,19/09/2026 14:26
5afba35f-2112-4d24-a5ca-f36038a8163c,rootless.cv,available,9.99,9.99,high,medium,8,namesilo,,,09/09/2026 18:36
86862d84-64ae-4574-be9d-3be45fb5e0c2,rarefied.cv,available,4.99,9.99,medium,low,8,namesilo,,,17/08/2026 15:44
8910e78b-aaa5-4bd5-a021-213368832664,saturday.cv,available,7.98,7.98,high,low,8,spaceship,,,30/09/2026 10:29
fdd28815-b2f1-47dd-98d0-b444bf2ea27c,nohow.cv,premium,265.6,80.33,low,low,5,namesilo,,,15/09/2026 16:44
e0cd8133-13cc-4de8-a050-dfffcb2f91b9,crumpled.cv,available,4.99,9.99,medium,low,8,namesilo,,,13/08/2026 09:06
a70b2105-02ea-442f-b4b1-d716337686c0,societies.cv,premium,1339.98,8.85,high,low,9,namesilo,,,30/09/2026 06:42
2635b107-50fa-4943-8c25-4ba81b6145a7,bruckner.cv,available,9.99,9.99,medium,low,8,namesilo,,,19/09/2026 15:26
13fd1ed0-e5c3-429c-8236-059a803c191b,lifeguard.cv,available,9.99,9.99,high,low,9,namesilo,,,02/10/2026 05:38
f6b8b76e-ad6f-43c9-b4f7-c5fc1d3e433b,bitstock.cv,available,14.98,14.98,medium,low,8,namecheap,,,23/09/2026 22:47
5848a857-ad24-48de-bf47-4b97fde6d77c,substantial.cv,available,9.99,9.99,high,low,11,namesilo,,,01/10/2026 05:35
12cb3e31-b4f2-41b3-8689-257b62ff9b07,undermining.cv,available,9.75,9.75,medium,low,11,dynadot,,,01/10/2026 15:46
60457dc6-ed16-44bd-a7c4-d15e74a788ad,schwartz.cv,premium,521.6,8.85,high,low,8,namesilo,,,25/09/2026 15:46
ca54e0e5-7c1f-4f63-8fde-9495fc97f097,crabby.cv,premium,75.86,8.85,medium,low,6,namesilo,,,08/08/2026 07:43
38f4a8df-9159-48e1-8579-6992228511e9,herakles.cv,available,9.99,9.99,high,low,8,namesilo,,,18/09/2026 04:05
e965e988-f540-46c8-8649-057cb9c5727b,biddable.cv,available,9.99,9.99,medium,low,8,namesilo,,,
f8f1a0ca-5458-4824-a31a-2cb368b50cc3,rashid.cv,premium,111.26,7.76,medium,low,6,spaceship,,,28/09/2026 16:48
4304d713-8572-4b28-afd8-171de86f398c,uci.cv,premium,2191.81,74,medium,low,3,porkbun,,,29/09/2026 09:30
f314f44e-2683-4658-8eeb-f0856c6a061c,harder.cv,premium,80.33,8.85,medium,low,6,namesilo,,,26/09/2026 03:10
1d2106e8-3e2c-4160-b97c-f71dedb6e1ed,mistletoe.cv,available,7.98,7.98,medium,low,9,spaceship,,,02/10/2026 11:12
35fec504-1648-4737-87ed-f72acfb575a7,polygenic.cv,available,9.99,9.99,medium,low,9,namesilo,,,08/09/2026 23:15
55a1d592-83e5-4785-979c-8ed87b56aaca,torn.cv,premium,1339.98,80.33,high,low,4,namesilo,,,25/09/2026 16:39
5735eb9b-d275-49a5-9011-ac1177c38d13,staying.cv,available,9.99,9.99,high,low,7,namesilo,,,25/09/2026 12:05
7afbdc69-e30d-41f0-a99d-23e1f1d62b33,nicolaus.cv,available,7.98,7.98,medium,low,8,spaceship,,,02/10/2026 10:17
9ccb1bdf-6fc6-4340-b974-51c638f1590f,displays.cv,available,14.98,14.98,medium,low,8,namecheap,,,30/09/2026 00:15
faf12cce-4497-467d-b240-63ad4f27a95a,airport.cv,available,7.98,7.98,high,low,7,spaceship,,,28/09/2026 19:10
96cc563a-9eaf-4fe5-ab5f-5c555b4ebab2,calibrated.cv,available,4.99,9.99,high,low,10,namesilo,,,11/08/2026 14:16
c28df693-38a0-4eae-a51d-663c82f6c542,ornament.cv,available,9.75,9.75,high,low,8,dynadot,,,30/09/2026 09:20
6af732de-c43f-42a1-a013-a965d78c3ba8,maguire.cv,premium,521.6,8.85,high,low,7,namesilo,,,28/09/2026 04:17
1abb4b07-be7e-4206-908a-6508630450ce,endocrine.cv,available,4.99,9.99,medium,low,9,namesilo,,,17/08/2026 01:00
487bb424-45f0-44bc-b02d-e3bca3f6466d,teeny.cv,premium,4.99,9.99,high,low,5,namesilo,,,10/08/2026 08:12
c5bfbc7b-3ea6-49a0-8d2f-43f107e8d776,akkadian.cv,available,14.98,14.98,high,low,8,namecheap,,,18/09/2026 00:10
5da18dd0-f012-42d6-a844-dc059a513bc4,taunt.cv,premium,265.6,80.33,medium,low,5,namesilo,,,11/09/2026 09:13
c1f91424-6e97-4049-9b2e-fac2e2b07477,discovers.cv,available,7.98,7.98,medium,low,9,spaceship,,,29/09/2026 11:07
2a7876d3-b085-431d-b2b7-a5962f13c6e0,haynes.cv,premium,87.75,9.75,medium,low,6,namecheap,,,27/09/2026 01:55
36d309f1-13f9-47ea-9db1-b52757accc63,ias.cv,premium,2609.75,87.75,high,low,3,namecheap,,,29/09/2026 21:40
14f72211-872c-4659-a42b-74d4da9d09db,unstoppable.cv,available,9.75,9.75,high,low,11,dynadot,,,01/10/2026 22:05
47ac3352-9f91-4770-a0fe-bb9a918176b1,deo.cv,premium,2770.35,80.33,high,low,3,namesilo,,,29/09/2026 23:45
e858a840-bc54-4ea4-a446-9134713f2fe0,foundational.cv,available,9.99,9.99,high,low,12,namesilo,,,01/10/2026 22:53
6b1c91d1-f4a7-4878-a52f-1f7373bdbeee,moldavia.cv,available,14.98,14.98,medium,low,8,namecheap,,,29/09/2026 13:27
00b6e1e6-c23c-48cd-9ce0-f4c0b4ab7b13,apoptosis.cv,available,14.98,14.98,medium,low,9,namecheap,,,19/09/2026 19:14
d7ef9ca3-4d52-4e8c-abc3-73fddb0f212b,toasted.cv,available,9.99,9.99,high,low,7,namesilo,,,11/09/2026 16:35
733aca4e-f2f8-4d86-a205-4521b4984102,unbroken.cv,available,4.99,9.99,high,low,8,namesilo,,,22/08/2026 15:36
ee249074-2744-4a83-8f68-1b9bd8b23bf9,subverter.cv,available,9.99,9.99,medium,low,9,namesilo,,,09/09/2026 16:25
ad2e53d9-8d04-44ff-afe1-7aac3e2ca282,facies.cv,premium,80.33,8.85,medium,low,6,namesilo,,,29/09/2026 04:47
b0287981-32d7-4f61-a2df-a62c9b832d87,estimates.cv,available,14.98,14.98,medium,low,9,namecheap,,,20/09/2026 04:10
6259670b-6b44-40ca-888f-b6919e61eef5,clermont.cv,premium,137.6,8.85,high,low,8,namesilo,,,28/09/2026 22:20
2d472bae-b39a-4540-8cd2-3d087aa40259,cedar.cv,premium,265.6,80.33,high,low,5,namesilo,,,29/09/2026 00:24
8c3b8951-34d6-4db1-8e41-f2e7c1589e44,asp.cv,premium,2770.35,80.33,high,low,3,namesilo,,,20/09/2026 14:30
6128cda9-0e40-4405-aa0f-d16079669741,eyck.cv,premium,1042.76,69.86,high,low,4,spaceship,,,01/10/2026 19:31
a3486f22-2031-4091-a965-372cd5ffafb5,blm.cv,premium,2770.35,80.33,high,low,3,namesilo,,,29/09/2026 09:47
227272d7-2825-49f9-9d12-4d9be22f9adf,juanita.cv,premium,118.25,9.75,medium,low,7,dynadot,,,30/09/2026 04:54
ad23ccd2-4a3e-4b7d-aed5-6a7e5fd24ab4,inventor.cv,available,9.99,9.99,high,low,8,namesilo,,,20/09/2026 11:36
e136c715-9e6f-42a1-b644-2b98a343eb31,premises.cv,available,9.99,9.99,high,low,8,namesilo,,,28/09/2026 15:06
ec96109e-abf0-455a-8773-9e1a69977439,shankar.cv,premium,33.64,7.76,medium,low,7,spaceship,,,29/09/2026 13:44
d408e080-6499-42c0-a392-11139c9dced6,carefree.cv,available,14.98,14.98,high,medium,8,namecheap,,,11/08/2026 19:01
c810f856-c0ef-4a1e-95b8-7f1b6118348f,markus.cv,premium,137.6,8.85,high,low,6,namesilo,,,28/09/2026 21:58
219281c5-32d3-4ece-bf1f-990bbfaaa258,think.cv,premium,269.75,87.75,high,medium,5,namecheap,,,19/09/2026 06:38
2aa1118c-246f-479d-bbd6-b33b685ac69e,muckle.cv,premium,132.8,8.85,medium,low,6,namesilo,,,25/08/2026 00:34
650fd3ed-0bef-47e2-bd0b-0f2cea19e271,success.cv,resell,,,high,low,7,Porkbun,04/01/2026 08:31,04/01/2027 08:31,28/09/2026 17:50
1b1059c8-844c-421d-b1f3-f18ed2bd3e62,wabash.cv,premium,111.26,7.76,medium,low,6,spaceship,,,28/09/2026 03:15
4bc9e94f-87eb-498d-8b2a-d40e9da7ca80,buccal.cv,premium,75.86,8.85,medium,low,6,namesilo,,,11/08/2026 07:27
734e49a9-8133-4e94-b721-04a0c937f84f,ballast.cv,available,9.99,9.99,high,low,7,namesilo,,,21/09/2026 22:46
b19f8a5e-11eb-411b-830f-034dfae32be8,nature.cv,premium,1309.75,9.75,high,low,6,namecheap,,,08/09/2026 02:43
23758ee8-c2c1-47ec-9215-227f5c600ab3,siegfried.cv,available,9.75,9.75,medium,low,9,dynadot,,,30/09/2026 02:51
be8917cb-27ff-48fc-97e0-d0aa6dcd5057,bligh.cv,premium,265.6,80.33,medium,low,5,namesilo,,,01/10/2026 18:42
c1d65a40-8f9e-41b1-afb5-f32ce98f6eaa,buttons.cv,available,7.98,7.98,high,low,7,spaceship,,,02/10/2026 19:17
14188e5d-4416-404c-995e-8aeca147f029,aesir.cv,premium,265.6,80.33,medium,low,5,namesilo,,,17/09/2026 13:23
ac45822f-e9fe-4719-a98d-5d33a0739a52,morningside.cv,available,9.99,9.99,high,low,11,namesilo,,,01/10/2026 12:41
63e73e37-b6e2-44af-8ff6-074f6eff8d55,constraining.cv,available,9.99,9.99,medium,low,12,namesilo,,,01/10/2026 23:03
7604775c-f06f-46a9-b6c0-98299a3c4448,usac.cv,premium,1339.98,80.33,medium,low,4,namesilo,,,02/10/2026 08:47
7f27e88f-50cf-43a1-904c-904cd005aad8,bloodline.cv,available,9.99,9.99,high,low,9,namesilo,,,08/09/2026 13:11
d9bd896d-df17-4f8a-8e90-a363d3528863,sissified.cv,available,4.99,9.99,medium,low,9,namesilo,,,12/08/2026 08:41
b2360eae-9730-47cd-979a-73424dbfd800,idolized.cv,available,9.99,9.99,medium,low,8,namesilo,,,
9cd54ee8-4a2f-4a2d-b986-0eead74a322d,gull.cv,premium,1309.75,87.75,high,low,4,namecheap,,,12/08/2026 15:08
bc359f2b-b0bc-4b79-abfa-0ecc01db70e5,arya.cv,premium,1042.76,69.86,high,low,4,spaceship,,,01/10/2026 11:19
7b1c3fc0-6815-4991-a8a4-b8709a76c366,sponsored.cv,available,14.98,14.98,medium,low,9,namecheap,,,29/09/2026 10:41
75eefad1-3b85-4e24-9921-da4c50e579b5,bleak.cv,premium,260.8,80.33,medium,low,5,namesilo,,,08/08/2026 21:02
dc611781-e54d-4bd9-8134-14b919eeffb1,memorize.cv,available,7.98,7.98,high,low,8,spaceship,,,30/09/2026 20:33
3ad67e61-54e1-4f17-92fc-85776bbed093,yet.cv,premium,2191.81,74,high,low,3,porkbun,,,28/09/2026 11:53
4b002306-8dd8-4739-b0db-734f4b0d1002,gow.cv,premium,2077.76,69.86,medium,low,3,spaceship,,,02/10/2026 18:51
4e84e91e-aaf9-485d-8ea6-c11cfa0ecc49,braden.cv,premium,139.75,9.75,medium,low,6,namecheap,,,01/10/2026 18:20
df32c97c-d080-4c35-aa32-24f7c03d18bc,aphesis.cv,available,9.99,9.99,medium,low,7,namesilo,,,19/09/2026 16:55
ed2b1265-5864-4c71-ae87-3927189ea52c,blanc.cv,premium,265.6,80.33,high,low,5,namesilo,,,24/09/2026 03:47
7eb049c9-b249-4be1-a411-9df1d46cbb67,jillian.cv,premium,137.6,8.85,high,low,7,namesilo,,,02/10/2026 09:14
c0ddf682-84af-42da-a77b-20d6bf87d242,repercussions.cv,available,9.99,9.99,low,low,13,namesilo,,,02/10/2026 03:41
1b779807-034e-4cbb-b7c6-b3c5e68346d8,paul.cv,premium,1042.76,69.86,high,medium,4,spaceship,,,28/09/2026 20:25
24fdf55f-ff25-4d8f-a43b-c0a2347c47cc,devour.cv,premium,74.25,9.75,high,low,6,dynadot,,,30/09/2026 17:52
c85d9c08-91dd-4d7a-b45d-0a6b7f52a98f,decomposition.cv,available,9.99,9.99,medium,low,13,namesilo,,,30/09/2026 22:50
994e501d-674f-4c35-9c27-be0de8741a92,brahms.cv,premium,69.86,7.76,high,low,6,spaceship,,,02/10/2026 14:26
c88b6398-5154-4676-991c-974abde9fb9e,woburn.cv,premium,118.25,9.75,high,low,6,dynadot,,,01/10/2026 12:23
99fced98-04f1-46ae-8316-82c4686102bf,annelid.cv,available,4.99,9.99,medium,low,7,namesilo,,,
6439c0f6-b45d-4e00-827b-eacab7132a37,thor.cv,premium,1108.25,74.25,high,medium,4,dynadot,,,29/09/2026 08:13
bf14565a-a5e2-477a-a23e-b7f420fddc10,prisons.cv,available,9.75,9.75,medium,low,7,dynadot,,,29/09/2026 11:25
33d9520f-ce2a-4449-8c54-31bfd32c6c7d,heading.cv,premium,137.6,8.85,high,low,7,namesilo,,,25/09/2026 07:40
534bde3f-50f4-421e-a4cd-c1b6c2180e71,braw.cv,premium,1309.75,87.75,medium,low,4,namecheap,,,11/08/2026 02:45
2a5ec0b8-ab5d-4ebd-9ef1-fada5675fbb5,chernobyl.cv,available,14.98,14.98,medium,low,9,namecheap,,,29/09/2026 11:54
186a513e-65c6-4680-b19e-6206fdead94b,albula.cv,premium,80.33,8.85,medium,low,6,namesilo,,,18/09/2026 03:24
ebad22ac-be04-4684-a848-602a4f11797c,plan.cv,premium,1042.76,69.86,high,medium,4,spaceship,,,03/10/2026 02:31
441f57da-c111-4dc9-ad20-3ab0307a6073,livia.cv,premium,265.6,80.33,high,low,5,namesilo,,,02/10/2026 09:35
8cc568b1-3b1b-47a4-bc41-7e9b0f7b131c,serve.cv,premium,269.75,87.75,high,low,5,namecheap,,,29/09/2026 15:49
fa41494f-4f95-4f9c-9922-6bdbeb7ae1ec,appalling.cv,available,4.99,9.99,medium,low,9,namesilo,,,06/08/2026 04:31
47666e53-1dcc-4af4-8460-d4180900eb05,bean.cv,premium,1100.15,74,high,low,4,porkbun,,,29/09/2026 01:40
c051736e-98f5-417a-8c3a-5a3d1b68aaf6,ghost.cv,premium,265.6,80.33,high,medium,5,namesilo,,,25/09/2026 06:32
36aa4baf-0d1a-4ea0-ab11-d9c8bfa4e13d,designated.cv,available,7.98,7.98,medium,low,10,spaceship,,,28/09/2026 22:42
aa7a868e-4781-436d-8a05-0c0c87b0ff7e,exilic.cv,premium,75.86,8.85,medium,low,6,namesilo,,,17/08/2026 17:19
289d4c2d-ab4a-461d-81db-7cef76f4c9bc,leicester.cv,available,9.99,9.99,high,low,9,namesilo,,,02/10/2026 05:35
f82f9bdf-eab7-488c-84bd-c4e5738789d2,fremont.cv,available,14.98,14.98,medium,low,7,namecheap,,,27/09/2026 04:04
ea88d945-e196-4442-bccd-5a4b79ba9df6,tippy.cv,premium,260.8,80.33,medium,low,5,namesilo,,,13/08/2026 04:55
f57f1385-0a3e-43f0-b2b1-1357594972e4,sturdy.cv,premium,75.86,8.85,high,low,6,namesilo,,,21/08/2026 00:56
7c248571-51d4-4a83-abbf-9e7e31a93d9b,apadana.cv,available,9.99,9.99,medium,low,7,namesilo,,,19/09/2026 16:10
a6678b25-febf-41d1-a6d0-2db823c29197,sonya.cv,premium,214.76,69.86,medium,low,5,spaceship,,,30/09/2026 04:43
5b63e12f-8566-4c0e-ae1e-bb15fba96d36,ascites.cv,available,9.99,9.99,medium,low,7,namesilo,,,20/09/2026 13:17
4f4e38a0-03a4-44c8-b8c4-c10bcf8f1345,roosevelt.cv,available,9.99,9.99,high,low,9,namesilo,,,19/09/2026 09:58
9399a680-dacd-4653-8307-108b080b2a67,xli.cv,available,,,medium,low,3,,,,
7bb13139-cf76-46be-9d5e-fc04c60a9e6b,aconitum.cv,available,9.99,9.99,medium,low,8,namesilo,,,17/09/2026 02:06
ebf2452a-4c92-40c3-b79d-8069dc53a28b,autogyro.cv,available,9.99,9.99,medium,low,8,namesilo,,,21/09/2026 06:23
3e8c67dc-bb35-4f16-8ef3-0a56a1037d5b,indelible.cv,available,4.99,9.99,high,low,9,namesilo,,,22/08/2026 02:37
e9e5d862-78a7-4c49-b080-a5fce3ee8834,abbess.cv,premium,80.33,8.85,medium,low,6,namesilo,,,16/09/2026 14:23
186c9fea-1bde-4a1d-a725-ab110039a3be,ignoring.cv,available,9.99,9.99,medium,low,8,namesilo,,,28/09/2026 11:32
c3a51815-6b88-4fe7-8739-cca16eee614f,attorneys.cv,available,7.98,7.98,medium,low,9,spaceship,,,28/09/2026 13:24
061ec84c-25b2-470f-90fa-c19aae1f21bd,uruguay.cv,premium,111.26,69.86,high,high,7,spaceship,,,02/10/2026 17:03
58f094bd-a455-4c9b-8f77-27fdaebb31b1,findings.cv,available,8.03,8.03,medium,low,8,porkbun,,,28/09/2026 19:12
4f8d3579-8e55-4c5b-91f5-1d458043023c,botticelli.cv,available,9.99,9.99,high,low,10,namesilo,,,18/09/2026 05:31
d0c0b8b1-a72d-4009-b55b-2516eddf0bf8,grisly.cv,premium,75.86,8.85,medium,low,6,namesilo,,,18/08/2026 23:15
85fe1e83-3d82-4962-b6fb-11b798b888df,comune.cv,premium,80.33,8.85,high,low,6,namesilo,,,01/10/2026 17:02
69f76827-1585-4a3b-bd71-b6eed9c153ad,commitments.cv,available,7.98,7.98,medium,low,11,spaceship,,,30/09/2026 07:30
bc2e7d1a-3bb5-4e63-b0f5-d2e8881896db,horseman.cv,available,4.99,9.99,high,low,8,namesilo,,,17/08/2026 11:44
0ed549a7-80e7-47f8-a073-088700d7b6e2,terminology.cv,available,9.99,9.99,high,low,11,namesilo,,,30/09/2026 05:58
d5fb688f-0789-4554-b6d1-480071d07d02,emptied.cv,available,7.98,7.98,medium,low,7,spaceship,,,01/10/2026 00:20
b9221ca4-e9f8-4622-9625-39915b78caed,parent.cv,premium,649.6,80.33,high,low,6,namesilo,,,30/09/2026 06:26
927d304d-e544-4bb8-96b3-f51d7a39ee24,dosage.cv,premium,80.33,8.85,high,low,6,namesilo,,,30/09/2026 17:03
8c0b6ac9-4f15-4aab-958c-66c47abc5a1d,crease.cv,premium,75.86,8.85,high,low,6,namesilo,,,13/08/2026 07:14
46057d26-eeb8-4955-ab32-44dfef4beba1,literature.cv,premium,1309.75,9.75,high,low,10,namecheap,,,24/08/2026 02:03
9e026170-550c-452c-907c-5d982c2ce341,brumous.cv,available,4.99,9.99,medium,low,7,namesilo,,,11/08/2026 06:49
d7387488-c101-4218-bae0-bea47f378dc7,truce.cv,premium,269.75,87.75,high,low,5,namecheap,,,20/09/2026 07:17
605aeea2-a760-4ce0-8410-ca3f2a74e472,scouts.cv,premium,80.33,8.85,high,low,6,namesilo,,,28/09/2026 04:05
8763c325-291f-4fd7-9a7e-59cf315d8094,drowning.cv,available,9.99,9.99,medium,low,8,namesilo,,,27/09/2026 17:38
357d5017-f64b-4d56-a779-96840d0d57f2,disabled.cv,premium,1339.98,8.85,high,low,8,namesilo,,,24/09/2026 10:55
3df9750a-c032-4fa1-b5ca-cdc23430de72,arizonian.cv,available,9.99,9.99,medium,low,9,namesilo,,,20/09/2026 06:06
414a8df7-e01e-470e-8c29-4c233478663d,apiarist.cv,available,9.99,9.99,medium,low,8,namesilo,,,19/09/2026 17:19
750759e4-b164-4f3d-a471-31308958ccec,lateral.cv,available,14.98,14.98,high,low,7,namecheap,,,22/08/2026 20:34
49a1fd10-88f4-44a0-af94-120239ca6723,exploring.cv,available,9.99,9.99,high,low,9,namesilo,,,28/09/2026 15:59
50f7a9c2-f9ba-4bdd-b050-a743e38fd670,alvin.cv,premium,265.6,80.33,high,low,5,namesilo,,,25/09/2026 13:49
d4884828-f403-4fe0-b96f-0818455ef69a,sergeant.cv,available,9.99,9.99,high,low,8,namesilo,,,28/09/2026 06:37
2693dca6-6064-48ca-a931-66a28f1744aa,parentage.cv,available,9.99,9.99,medium,low,9,namesilo,,,08/09/2026 13:25
6e5813f5-9c9a-40dd-afee-b662e492ef91,aired.cv,premium,265.6,80.33,high,low,5,namesilo,,,
7682ef3f-52ae-4c0e-af65-ad993de70ea3,herrick.cv,available,9.99,9.99,medium,low,7,namesilo,,,29/09/2026 01:17
88a0b8e2-5d89-489c-bf24-0eb2c4eb9f51,rainbow.cv,premium,1309.75,9.75,high,medium,7,namecheap,,,30/09/2026 09:08
0d1f1566-6e33-45ba-865f-c92b9dbc0bd8,lon.cv,premium,2077.76,69.86,medium,low,3,spaceship,,,28/09/2026 11:31
571b3125-f300-4a2d-8079-86930ca23cc7,armrest.cv,available,9.99,9.99,medium,low,7,namesilo,,,20/09/2026 07:41
d7c43852-4534-4113-8ca4-40f85d2f9746,ufo.cv,premium,2609.75,87.75,high,medium,3,namecheap,,,30/09/2026 09:41
9d6c4d66-2238-48ab-bf5c-0c4ae09a4037,vor.cv,premium,2770.35,80.33,medium,low,3,namesilo,,,30/09/2026 03:38
34a92b58-c77e-4049-a212-df77fc2b3df4,brooklyn.cv,premium,137.6,8.85,high,low,8,namesilo,,,24/09/2026 10:45
a64ed918-8294-41af-9815-1f786509fa64,esters.cv,premium,69.86,7.76,low,low,6,spaceship,,,28/09/2026 13:25
69b147e3-feeb-474d-949a-889511d8e80a,faithfully.cv,available,9.99,9.99,high,low,10,namesilo,,,14/09/2026 11:42
7c7318d9-395f-469f-8910-1a969b035f6e,anaerobe.cv,available,9.99,9.99,medium,low,8,namesilo,,,19/09/2026 01:18
b4e6abe6-6e0b-4fdb-be01-02405ceefb80,psychedelic.cv,available,9.99,9.99,high,low,11,namesilo,,,03/10/2026 03:00
ac0022cf-c5d1-45f1-8c32-f5f8227335a1,multiply.cv,available,9.99,9.99,high,low,8,namesilo,,,15/09/2026 15:37
bc25d441-10c7-4791-9e82-1fcf81f11515,detectors.cv,available,9.99,9.99,medium,low,9,namesilo,,,30/09/2026 07:31
1b5a8f24-9505-43b1-96fd-56cef514aac3,fusty.cv,premium,260.8,80.33,low,low,5,namesilo,,,18/08/2026 16:42
333daf20-8fff-4451-996b-4851fda54807,webshop.cv,available,9.99,9.99,high,low,8,namesilo,,,
cc79eb5f-7170-4619-88dd-6170b594d9c0,balthasar.cv,available,9.99,9.99,high,low,9,namesilo,,,22/09/2026 00:15
f8f444d9-88ab-4a88-93e5-1e2348cfdf35,supplement.cv,available,9.99,9.99,high,low,10,namesilo,,,17/09/2026 06:43
15031b0a-5b0b-455f-b116-43286d017d31,sends.cv,premium,265.6,80.33,medium,low,5,namesilo,,,27/09/2026 03:02
73dcac7e-f751-43d0-a489-57e005b3c722,paperlike.cv,available,4.99,9.99,low,low,9,namesilo,,,12/08/2026 02:45
cd7a787e-0786-4810-a4d8-d0068e638a98,foodservice.cv,available,9.75,9.75,high,low,12,dynadot,,,02/10/2026 21:40
50f246bf-00f7-4779-9772-2f67878c48dd,gallon.cv,premium,80.33,8.85,high,low,6,namesilo,,,29/09/2026 10:57
765820a5-52c8-420b-aade-4503866c1464,reconnect.cv,available,9.75,9.75,high,low,9,dynadot,,,02/10/2026 07:36
945f7ec5-0c8f-4fb3-bde9-198c0a58b139,sopping.cv,available,9.99,9.99,medium,low,7,namesilo,,,14/09/2026 14:30
df81e4c4-b663-44aa-9978-c3c7a0c4184f,mix.cv,premium,2077.76,69.86,high,medium,3,spaceship,,,02/10/2026 11:12
38910ef0-ca05-4c7b-aa0e-d53cf1a30126,ableism.cv,available,9.99,9.99,medium,low,7,namesilo,,,16/09/2026 16:10
b29fe3c0-fde7-4f54-ac94-27acf0b44958,puppylike.cv,available,9.99,9.99,high,medium,9,namesilo,,,09/09/2026 06:10
3bd499b6-a8ce-4c79-a65b-1f33b0b91a7c,movingly.cv,available,9.99,9.99,medium,low,8,namesilo,,,15/09/2026 15:35
50a53b91-565b-43f0-8746-b3bd130a1054,exchanging.cv,available,9.99,9.99,medium,low,10,namesilo,,,20/09/2026 00:55
57c0b85b-ec98-4aa8-8bab-f5125d9de635,rose.cv,premium,1339.98,80.33,high,medium,4,namesilo,,,27/09/2026 16:23
d0aa5ec0-16bc-4abf-bb69-26de1472f1d0,aliform.cv,available,9.99,9.99,medium,low,7,namesilo,,,
9e6eb679-31cb-4a6b-a9cc-22c2a954f192,figurative.cv,available,9.99,9.99,medium,low,10,namesilo,,,19/09/2026 14:22
2edd3b8e-ccb7-4471-befb-6468072e2be7,daisy.cv,premium,265.6,80.33,high,low,5,namesilo,,,25/09/2026 04:34
88985fd0-e205-43ad-aefb-b29c1a4cbc07,time.cv,premium,1042.76,69.86,high,medium,4,spaceship,,,01/10/2026 20:18
abff7d57-afdd-490b-8862-3f85eb96dca6,almond.cv,premium,111.26,7.76,high,low,6,spaceship,,,28/09/2026 20:40
84bc9c20-9612-478c-aaad-72f16066f752,meister.cv,available,14.98,14.98,high,low,7,namecheap,,,30/09/2026 19:33
91aceb66-41f5-4e2e-9560-b8e75ba90f96,abroach.cv,available,9.99,9.99,high,low,7,namesilo,,,
04715e2e-4b69-481e-8228-11c41df79aa0,radicals.cv,available,7.98,7.98,low,low,8,spaceship,,,01/10/2026 18:35
db4de2fb-7161-45b5-9bcd-d3bb9a472a40,suharto.cv,available,9.99,9.99,medium,low,7,namesilo,,,01/10/2026 03:56
a8cb1acf-c1cc-43b6-ab58-624d68ecfb08,billfish.cv,available,14.98,14.98,medium,low,8,namecheap,,,23/09/2026 16:15
b9b88641-b091-41c9-bc95-0d84dfecc6b8,influenza.cv,available,7.98,7.98,medium,low,9,spaceship,,,30/09/2026 01:39
100faa22-8523-4555-b626-06623e9c6ea7,harper.cv,premium,529.75,9.75,high,low,6,namecheap,,,25/09/2026 06:58
0c63686d-786a-4d0e-bc29-ea22c5d35423,sceptical.cv,available,4.99,9.99,medium,low,9,namesilo,,,14/08/2026 09:36
db8cc1dd-6122-45af-adcb-1850039e3659,kickshaw.cv,available,,,medium,low,8,,,,13/08/2026 15:56
75a55094-a6d2-4884-b191-bb0613fb8140,darnell.cv,premium,111.26,7.76,medium,low,7,spaceship,,,01/10/2026 10:55
7fc302fa-35de-45b3-87dc-b017ebd44aec,witnessed.cv,available,8.03,8.03,low,low,9,porkbun,,,28/09/2026 08:47
74b429bf-85c9-4f3e-9b9c-25dc8aeb5b56,inmost.cv,premium,75.86,8.85,medium,low,6,namesilo,,,22/08/2026 05:51
c7b6d5ea-1f01-4cb4-b97a-706ad700c94b,browned.cv,available,4.99,9.99,medium,low,7,namesilo,,,11/08/2026 06:29
dc6a9372-8167-4e2d-8ccc-a0d6ff5f1237,switchboard.cv,available,9.75,9.75,high,low,11,dynadot,,,01/10/2026 05:46
99b41151-96bc-4acb-8cb7-f23f8f278f92,shaver.cv,premium,75.86,8.85,medium,low,6,namesilo,,,25/08/2026 00:03
2ff379c5-eff4-4652-87c6-040301fc6bda,shrieked.cv,available,9.99,9.99,high,medium,8,namesilo,,,10/09/2026 06:53
6ececb30-dff9-4286-90f5-2b881e5a059d,chirping.cv,available,9.99,9.99,high,low,8,namesilo,,,01/10/2026 23:22
7dc5eb71-e04b-454b-90fe-f7d111708ea9,asteraceae.cv,available,9.99,9.99,medium,low,10,namesilo,,,20/09/2026 17:03
e79710ec-59b2-4877-aefc-9f37d8dc8c7f,baptism.cv,available,9.99,9.99,high,low,7,namesilo,,,22/09/2026 03:27
36fa8a02-e161-4de6-8de6-e23126718c95,runty.cv,premium,269.75,87.75,high,medium,5,namecheap,,,08/09/2026 19:54
89b29222-05cc-4329-a52d-da93d6a95989,stentorian.cv,available,14.98,14.98,medium,low,10,namecheap,,,10/09/2026 20:07
8cf042d2-7d42-417d-b179-cdb0782b99e6,frequently.cv,available,14.98,14.98,medium,low,10,namecheap,,,28/09/2026 14:57
20b578ec-594e-4910-8888-59733fca8419,soddy.cv,premium,265.6,80.33,medium,low,5,namesilo,,,17/09/2026 09:26
fab909d5-99cb-4cf8-89ba-2428d4029289,afp.cv,premium,2770.35,80.33,high,low,3,namesilo,,,17/09/2026 15:12
877909e9-3fbf-4e8f-92ba-d2f210becb0e,physically.cv,available,9.99,9.99,medium,low,10,namesilo,,,19/09/2026 14:53
097adb81-32e9-43ec-af0d-5b466b19a262,nwa.cv,premium,2077.76,69.86,high,low,3,spaceship,,,30/09/2026 04:42
74ed0d6f-7b21-4075-9968-6d41f29513be,eldest.cv,premium,75.86,8.85,high,low,6,namesilo,,,16/08/2026 02:19
db3a1828-ba5c-4c2e-a04a-ba6ced0d3475,gustav.cv,premium,139.75,9.75,medium,low,6,namecheap,,,25/09/2026 21:40
6d7022ef-ffd3-423b-9728-8cfb846dcdeb,marang.cv,premium,137.6,8.85,high,low,6,namesilo,,,20/09/2026 12:01
7f9ade90-348b-450a-a5ba-d4373757e56f,reticent.cv,available,9.99,9.99,medium,low,8,namesilo,,,27/09/2026 12:59
d7529ff6-01b6-4971-a9a6-cbc3a0dc9a96,immaterial.cv,available,14.98,14.98,medium,low,10,namecheap,,,17/08/2026 19:22
c86f16ba-07e0-419d-8fa1-8822b5e9a4e7,eyry.cv,premium,1309.75,87.75,high,low,4,namecheap,,,
af6832e6-b430-4084-a279-642fad64878a,anther.cv,premium,80.33,8.85,medium,low,6,namesilo,,,19/09/2026 13:08
6ffc89cb-b4f3-410f-a23b-6699a30152b3,engaged.cv,premium,139.75,9.75,high,low,7,namecheap,,,10/08/2026 19:07
abf50482-d327-4260-a451-72486e9a5db6,riled.cv,premium,260.8,80.33,medium,low,5,namesilo,,,
2c04c7fb-760a-4124-95ce-4d6ba692f990,surya.cv,premium,214.76,69.86,high,low,5,spaceship,,,02/10/2026 06:31
a84cef02-542a-46f7-b66e-4691f2ac5a40,candent.cv,available,4.99,9.99,medium,low,7,namesilo,,,11/08/2026 16:37
56452eea-4019-4138-b948-670c1ed376ad,smuggle.cv,available,9.75,9.75,high,low,7,dynadot,,,01/10/2026 22:13
b34d56dd-6aeb-422c-867f-e40aac61bca7,memories.cv,premium,1339.98,8.85,high,low,8,namesilo,,,25/09/2026 17:07
c739d2c4-c5a4-46f6-894e-5b9224112596,questioned.cv,available,9.99,9.99,low,low,10,namesilo,,,28/09/2026 08:50
f5875ad8-1a67-4716-a3aa-a8fc74d335cd,flor.cv,premium,710.5,94.5,high,low,4,namecheap,,,
54c0ea95-2f82-47dc-8e38-771b83e31acf,grooming.cv,available,7.98,7.98,high,low,8,spaceship,,,02/10/2026 05:08
a08d8d8a-1c23-4273-a421-f92d089c12d2,tercet.cv,available,,,medium,low,6,,,,
08bcc951-1f84-4ddc-ab22-fa17f91ca620,pie.cv,premium,2770.35,80.33,high,low,3,namesilo,,,25/09/2026 09:59
271afaf2-b6b0-4f81-9bc8-8be79b08a045,pouched.cv,available,9.99,9.99,high,medium,7,namesilo,,,09/09/2026 00:55
3bb98e7b-e0ae-488a-8105-d49fb2227564,maintenance.cv,premium,1309.75,9.75,high,low,11,namecheap,,,27/09/2026 21:41
60dec328-7da0-4612-a975-745f20be1b55,mounted.cv,available,4.99,9.99,high,low,7,namesilo,,,25/08/2026 08:34
db75d3f8-9732-4cb4-98a5-4e1b83752c68,quarto.cv,premium,80.33,8.85,high,low,6,namesilo,,,16/09/2026 12:37
26697f52-68c3-4e64-894e-cb3a77d1fb16,carrara.cv,available,8.03,8.03,medium,low,7,porkbun,,,02/10/2026 11:43
34e36571-9f12-4dc3-9d5a-b8ee3cf2f206,anuria.cv,premium,80.33,8.85,medium,low,6,namesilo,,,19/09/2026 15:55
457123b0-229c-4da4-96fb-cb1f655f22b5,nourished.cv,available,4.99,9.99,high,low,9,namesilo,,,03/09/2026 22:12
5557d877-8bf4-4227-a5e4-7480c1ab9279,afterimage.cv,available,9.99,9.99,high,low,10,namesilo,,,17/09/2026 15:42
4f6c853c-23da-437f-91c4-ef61cfe224e5,bbc.cv,premium,2770.35,80.33,high,medium,3,namesilo,,,19/09/2026 05:43
33dfc945-58b0-4258-a28a-9a006e775be5,doubles.cv,available,7.98,7.98,high,low,7,spaceship,,,28/09/2026 18:58
7eb791c6-44e7-4e51-9b66-190122c9db30,task.cv,premium,1042.76,69.86,high,low,4,spaceship,,,02/10/2026 03:42
c4973a72-dfe5-41fa-9c90-c012f6413c7f,ballock.cv,premium,139.75,9.75,medium,low,7,namecheap,,,21/09/2026 23:03
722e86b0-eb8a-4d4e-8ac1-cc230932d531,greatly.cv,available,9.99,9.99,high,low,7,namesilo,,,28/09/2026 15:04
a1d6e512-74a0-4fc6-ace2-718327d4ecf8,chavez.cv,premium,521.6,8.85,high,low,6,namesilo,,,28/09/2026 01:29
b47b5fe2-1868-4088-a5d6-ed52ffc90b42,johnston.cv,premium,521.6,8.85,high,low,8,namesilo,,,25/09/2026 07:53
1bf761e5-9ff8-468a-952a-305a57ddbafe,iff.cv,premium,2077.76,69.86,medium,low,3,spaceship,,,30/09/2026 04:49
1ed5240a-bdbe-4639-89d2-9091e04e4170,dominated.cv,available,9.99,9.99,medium,low,9,namesilo,,,24/09/2026 11:35
7cca9b4c-e443-4271-a2f4-f375fb327acf,escorted.cv,available,9.75,9.75,high,low,8,dynadot,,,29/09/2026 17:28
17036015-4244-413a-a07f-19d77eaeee28,reef.cv,premium,1339.98,80.33,high,low,4,namesilo,,,28/09/2026 10:48
8254018a-6c21-4d43-8702-a1af4013ea8a,essene.cv,premium,75.86,8.85,high,low,6,namesilo,,,17/08/2026 13:19
a8c98d7b-03c0-4fa7-acf0-1e5d3256f27c,porsche.cv,premium,137.6,8.85,high,high,7,namesilo,,,28/09/2026 11:39
57bf8976-2f8e-4936-8c23-5b182b276d73,arrest.cv,premium,132.8,8.85,high,low,6,namesilo,,,20/08/2026 22:54
4796db36-36e1-4528-b0f7-dfa240f1f4ea,ibnsina.cv,available,9.99,9.99,medium,low,8,namesilo,,,16/09/2026 18:41
2b156569-be08-4d41-9fe9-3420196868d1,katie.cv,premium,265.6,80.33,high,low,5,namesilo,,,25/09/2026 13:27
2f608a55-b13c-4805-87bf-efd66591a0a6,trombone.cv,available,9.99,9.99,high,low,8,namesilo,,,01/10/2026 22:00
071d1abc-56b5-498f-8f98-473ffe889908,internets.cv,available,7.98,7.98,medium,low,9,spaceship,,,01/10/2026 11:19
b3b01404-5e5c-445d-a251-07cd13646695,dreamlike.cv,available,4.99,9.99,high,low,9,namesilo,,,14/08/2026 18:45
472271aa-f309-462e-9891-8723efcb7b86,arava.cv,premium,269.75,87.75,medium,low,5,namecheap,,,20/09/2026 00:28
b164e39c-bafb-427c-9de2-4a51afae7b80,dnr.cv,premium,2208.25,74.25,high,low,3,dynadot,,,02/10/2026 08:32
03041850-78c6-4add-a846-cd0e06483df1,warrants.cv,available,7.98,7.98,medium,low,8,spaceship,,,29/09/2026 11:17
0615a510-31c4-44c0-8776-63cd0a45372e,rained.cv,premium,87.75,9.75,medium,low,6,namecheap,,,20/09/2026 05:42
b312f464-cb61-455b-a529-6cb5ab86bff1,nonexempt.cv,available,14.98,14.98,medium,low,9,namecheap,,,03/09/2026 19:09
49a9bef6-1b1c-46f3-9163-08f2730feaee,plenary.cv,available,14.98,14.98,medium,low,7,namecheap,,,08/09/2026 21:06
be7d7fa4-82da-4940-b228-e7a4adfb8edb,cultures.cv,premium,1100.15,8.5,medium,low,8,porkbun,,,28/09/2026 23:32
8b732acb-f7a5-4471-8a02-167a36fa59b3,lenox.cv,premium,226.83,74,medium,low,5,porkbun,,,28/09/2026 22:22
f486ef21-ac93-4835-8b3f-abfd8aacfd0d,printers.cv,premium,1339.98,8.85,medium,low,8,namesilo,,,21/09/2026 00:30
4dd1addc-0e35-4e39-8982-8b883b7aec7c,biochemist.cv,available,14.98,14.98,high,low,10,namecheap,,,23/09/2026 17:44
1e4cd3ed-d22e-4285-8f57-8c576d33b8c4,zia.cv,premium,2770.35,80.33,high,low,3,namesilo,,,30/09/2026 04:40
518baa57-adb2-4277-bdf5-da1d81682d63,microbiology.cv,available,7.98,7.98,medium,low,12,spaceship,,,02/10/2026 11:38
7250abe6-980e-4b39-8fb5-da721ff28c74,bother.cv,premium,139.75,9.75,medium,low,6,namecheap,,,24/09/2026 07:29
1562f8e5-54f6-470a-9850-406fa22a19a8,invigorate.cv,available,9.99,9.99,high,low,10,namesilo,,,22/09/2026 04:52
3faa3f28-b921-4e42-93e3-f423a8508a68,troth.cv,premium,265.6,80.33,medium,low,5,namesilo,,,23/09/2026 11:35
9caa3687-60bd-4933-bebc-2c0e3ed2f3a9,categorical.cv,available,7.98,7.98,high,low,11,spaceship,,,02/10/2026 00:30
c321badc-2ac5-49ce-b527-37cf87c755ba,mahoning.cv,available,9.75,9.75,medium,low,8,dynadot,,,02/10/2026 01:03
65163da9-b91c-4648-8aca-70c6f71791c3,stupendous.cv,available,14.98,14.98,high,low,10,namecheap,,,12/08/2026 18:00
5b1308b9-82aa-4dcd-8759-79a9629f039a,plutonic.cv,available,9.99,9.99,high,low,8,namesilo,,,19/09/2026 03:29
00151c68-4d47-4532-84e5-0e6c88525fea,actor.cv,premium,214.76,69.86,high,low,5,spaceship,,,28/09/2026 02:29
45858909-4328-4302-b341-a79805573d66,liberal.cv,available,14.98,14.98,high,low,7,namecheap,,,09/08/2026 20:57
21b933f7-a842-4a01-86f2-dffcad4ef872,prudishly.cv,available,9.99,9.99,medium,low,9,namesilo,,,15/09/2026 21:53
1e1f8da6-2d24-46fd-ad70-08ec308ca875,milwaukee.cv,premium,137.6,80.33,high,low,9,namesilo,,,29/09/2026 01:40
2292db7b-3dbd-46ae-85f5-b00cda76701e,anamorphic.cv,available,4.99,9.99,medium,low,10,namesilo,,,